entity_id,name,entity_type,detail
E0001,冒充公检法人员诈骗,ScamType,group=权威压迫型;count=16
E0002,冒充银行诈骗,ScamType,group=权威压迫型;count=12
E0003,冒充工商诈骗,ScamType,group=权威压迫型;count=13
E0004,冒充网信部门诈骗,ScamType,group=权威压迫型;count=10
E0005,冒充通信诈骗,ScamType,group=权威压迫型;count=10
E0006,虚假征信诈骗,ScamType,group=权威压迫型;count=15
E0007,冒充ETC诈骗,ScamType,group=权威压迫型;count=9
E0008,医保诈骗,ScamType,group=权威压迫型;count=10
E0009,补贴诈骗,ScamType,group=权威压迫型;count=13
E0010,杀猪盘诈骗,ScamType,group=情感诱导型;count=28
E0011,裸聊敲诈,ScamType,group=情感诱导型;count=21
E0012,色情诈骗,ScamType,group=情感诱导型;count=13
E0013,冒充亲友诈骗,ScamType,group=情感诱导型;count=16
E0014,冒充领导诈骗,ScamType,group=情感诱导型;count=14
E0015,兼职刷单诈骗,ScamType,group=利益诱惑型;count=18
E0016,虚假投资理财诈骗,ScamType,group=利益诱惑型;count=17
E0017,中奖诈骗,ScamType,group=利益诱惑型;count=11
E0018,网络赌博诈骗,ScamType,group=利益诱惑型;count=11
E0019,游戏诈骗,ScamType,group=利益诱惑型;count=11
E0020,网络贷款诈骗,ScamType,group=利益诱惑型;count=11
E0021,冒充网购客服诈骗,ScamType,group=服务伪装型;count=15
E0022,快递诈骗,ScamType,group=服务伪装型;count=12
E0023,微信诈骗,ScamType,group=服务伪装型;count=13
E0024,机票诈骗,ScamType,group=服务伪装型;count=11
E0025,冒充燃气诈骗,ScamType,group=服务伪装型;count=10
E0026,冒充电力诈骗,ScamType,group=服务伪装型;count=10
E0027,黑客诈骗,ScamType,group=服务伪装型;count=10
E0028,网络诈骗,ScamType,group=服务伪装型;count=8
E0029,保险推销,AdType,group=回访跟进型
E0030,医疗保健推销,AdType,group=回访跟进型
E0031,房地产推销,AdType,group=回访跟进型
E0032,手机数码,AdType,group=回访跟进型
E0033,教育培训,AdType,group=回访跟进型
E0034,旅游出行,AdType,group=回访跟进型
E0035,母婴亲子,AdType,group=回访跟进型
E0036,汽车销售,AdType,group=回访跟进型
E0037,物流快递,AdType,group=推介直给型
E0038,美容整形,AdType,group=回访跟进型
E0039,装修家居,AdType,group=回访跟进型
E0040,贷款理财,AdType,group=推介直给型
E0041,餐饮美食,AdType,group=回访跟进型
E0042,网约车出行,AdType,group=推介直给型
E0043,公安局,Entity,
E0044,法院,Entity,
E0045,检察院,Entity,
E0046,海关,Entity,
E0047,身份证,Entity,
E0048,银行卡,Entity,
E0049,手机号,Entity,
E0050,护照,Entity,
E0051,洗钱,Entity,
E0052,贩毒,Entity,
E0053,非法集资,Entity,
E0054,非法入境,Entity,
E0055,诈骗,Entity,
E0056,转账到安全账户,Entity,
E0057,提供验证码,Entity,
E0058,下载APP,Entity,
E0059,视频笔录,Entity,
E0060,中央督办,Entity,
E0061,公安部挂牌,Entity,
E0062,跨省重案,Entity,
E0063,冻结名下资产,Entity,
E0064,限制出境,Entity,
E0065,刑事拘留,Entity,
E0066,判刑,Entity,
E0067,牵连家人,Entity,
E0068,不许告诉任何人,Entity,
E0069,泄密负刑事责任,Entity,
E0070,关上门不要让人听到,Entity,
E0071,拘留,Entity,
E0072,逮捕,Entity,
E0073,通缉,Entity,
E0074,安全账户,Entity,
E0075,涉嫌洗钱,Entity,
E0076,犯罪活动,Entity,
E0077,资金清查,Entity,
E0078,不被起诉,Entity,
E0079,证明清白,Entity,
E0080,存在盗刷风险,Entity,
E0081,已被冻结,Entity,
E0082,逾期未还,Entity,
E0083,涉及洗钱,Entity,
E0084,信用卡套现,Entity,
E0085,重新验证信息,Entity,
E0086,点击链接解冻,Entity,
E0087,信用额度可以提升,Entity,
E0088,高回报理财产品,Entity,
E0089,POS机押金返还,Entity,
E0090,点击链接申请,Entity,
E0091,转账后再退还,Entity,
E0092,输入验证码确认,Entity,
E0093,盗刷,Entity,
E0094,解冻,Entity,
E0095,被限制使用,Entity,
E0096,账户异常,Entity,
E0097,营业执照年审,Entity,
E0098,企业年报逾期,Entity,
E0099,商标被注销,Entity,
E0100,经营异常,Entity,
E0101,被投诉,Entity,
E0102,点击链接处理,Entity,
E0103,缴纳罚款,Entity,
E0104,重新验证,Entity,
E0105,交保证金,Entity,
E0106,吊销执照,Entity,
E0107,罚款,Entity,
E0108,列入黑名单,Entity,
E0109,强制注销,Entity,
E0110,滞纳金,Entity,
E0111,法人信息,Entity,
E0112,商标抢注,Entity,
E0113,不实信息,Entity,
E0114,违法内容,Entity,
E0115,恶意注册,Entity,
E0116,涉政言论,Entity,
E0117,配合注销,Entity,
E0118,限时整改,Entity,
E0119,缴费续期,Entity,
E0120,删除内容,Entity,
E0121,净网,Entity,
E0122,网站备案,Entity,
E0123,ICP备案,Entity,
E0124,注销备案,Entity,
E0125,运营商,Entity,
E0126,通信管理局,Entity,
E0127,移动营业厅,Entity,
E0128,被多人投诉,Entity,
E0129,发送诈骗短信,Entity,
E0130,积分清零,Entity,
E0131,即将停机,Entity,
E0132,被标记为诈骗号码,Entity,
E0133,按X转人工,Entity,
E0134,点击链接兑换,Entity,
E0135,配合调查,Entity,
E0136,按X申诉,Entity,
E0137,身份被人,Entity,
E0138,积分兑换,Entity,
E0139,兑换积分清零,Entity,
E0140,开通过校园贷,Entity,
E0141,有助学贷未还清,Entity,
E0142,身份信息被盗用注册网贷,Entity,
E0143,征信有异常记录,Entity,
E0144,注销,Entity,
E0145,转账修复,Entity,
E0146,借款再转入清查账户,Entity,
E0147,刷流水,Entity,
E0148,征信,Entity,
E0149,贷款买房买车,Entity,
E0150,毕业,Entity,
E0151,个人信用,Entity,
E0152,助学贷未还清,Entity,
E0153,注销校园贷,Entity,
E0154,修复征信,Entity,
E0155,银保监会,Entity,
E0156,已失效,Entity,
E0157,已过期,Entity,
E0158,卡内余额不足,Entity,
E0159,设备需升级,Entity,
E0160,绑定的银行卡过期,Entity,
E0161,登录认证,Entity,
E0162,补缴,Entity,
E0163,充值,Entity,
E0164,换新卡,Entity,
E0165,无法上高速,Entity,
E0166,被停用,Entity,
E0167,产生滞纳金,Entity,
E0168,被拦截,Entity,
E0169,失效,Entity,
E0170,绑卡,Entity,
E0171,在外地盗刷,Entity,
E0172,被暂停使用,Entity,
E0173,补贴未领,Entity,
E0174,报销未取,Entity,
E0175,异常冻结,Entity,
E0176,配合核查,Entity,
E0177,在线激活,Entity,
E0178,点击链接领取,Entity,
E0179,提供账户信息,Entity,
E0180,激活,Entity,
E0181,黑名单,Entity,
E0182,个人账户,Entity,
E0183,暂停,Entity,
E0184,您的疫苗接种记录,Entity,
E0185,被冒用,Entity,
E0186,在外地被刷,Entity,
E0187,社保卡被冻结,Entity,
E0188,医保卡异常,Entity,
E0189,人社局,Entity,
E0190,财政局,Entity,
E0191,社区,Entity,
E0192,国家政务平台,Entity,
E0193,社保补贴,Entity,
E0194,疫情补助,Entity,
E0195,生育补贴,Entity,
E0196,扶贫资金,Entity,
E0197,住房补贴,Entity,
E0198,点击链接,Entity,
E0199,提供银行卡,Entity,
E0200,在线办理,Entity,
E0201,扶贫,Entity,
E0202,宝贝,Entity,
E0203,姐,Entity,
E0204,亲爱的,Entity,
E0205,哥,Entity,
E0206,我在用手机赚外快,Entity,
E0207,发现平台漏洞,Entity,
E0208,有内部消息,Entity,
E0209,推荐养老理财产品,Entity,
E0210,跟着我操作,Entity,
E0211,先小额试试,Entity,
E0212,每个月固定收益,Entity,
E0213,绝对安全,Entity,
E0214,考虑下我们的未来,Entity,
E0215,一起努力赚钱买房,Entity,
E0216,带你赚够结婚的钱,Entity,
E0217,有急事,Entity,
E0218,把这个处理掉,Entity,
E0219,不能被发现,Entity,
E0220,稳赚,Entity,
E0221,借钱凑首付,Entity,
E0222,成为VIP会员,Entity,
E0223,我不方便接电话,Entity,
E0224,有紧急事情,Entity,
E0225,先把钱转给我,Entity,
E0226,高额回报,Entity,
E0227,投一百万,Entity,
E0228,理财软件,Entity,
E0229,小哥哥裸聊吗,Entity,
E0230,下载这个直播软件可以和我视频互动,Entity,
E0231,你的裸聊视频已经录下来了,Entity,
E0232,通讯录都在我们手上,Entity,
E0233,家人已收到彩信,Entity,
E0234,发给你通讯录好友,Entity,
E0235,让你身败名裂,Entity,
E0236,发到网上,Entity,
E0237,发给家人,Entity,
E0238,转钱就删视频,Entity,
E0239,支付删除费,Entity,
E0240,转2000元安抚费,Entity,
E0241,付费清记录,Entity,
E0242,最后一次机会,Entity,
E0243,半小时内,Entity,
E0244,最后十分钟,Entity,
E0245,系统自动处理,Entity,
E0246,我们是专业的,Entity,
E0247,自动删除,Entity,
E0248,钱到账视频就删,Entity,
E0249,裸聊,Entity,
E0250,通讯录,Entity,
E0251,转钱,Entity,
E0252,最后一次,Entity,
E0253,发出去,Entity,
E0254,身败名裂,Entity,
E0255,你家里,Entity,
E0256,最后的机会,Entity,
E0257,后果自负,Entity,
E0258,小哥哥,Entity,
E0259,空姐,Entity,
E0260,小姐,Entity,
E0261,妹纸,Entity,
E0262,同城交友,Entity,
E0263,小姐姐,Entity,
E0264,上门服务,Entity,
E0265,兼职,Entity,
E0266,模特,Entity,
E0267,交友,Entity,
E0268,先付定金,Entity,
E0269,充会员卡,Entity,
E0270,支付安全保障费,Entity,
E0271,先付车费,Entity,
E0272,安全保障费,Entity,
E0273,奶奶,Entity,
E0274,爸,Entity,
E0275,妈,Entity,
E0276,姑,Entity,
E0277,你侄子,Entity,
E0278,把人打伤了,Entity,
E0279,开车撞到人了,Entity,
E0280,住院了,Entity,
E0281,在派出所,Entity,
E0282,车祸,Entity,
E0283,突发疾病,Entity,
E0284,转三万,Entity,
E0285,需要五万,Entity,
E0286,转点钱急用,Entity,
E0287,快给我转钱,Entity,
E0288,别告诉我妈,Entity,
E0289,用备用机打的,Entity,
E0290,手机坏了,Entity,
E0291,备用机,Entity,
E0292,这是我小号,Entity,
E0293,在外面出事了,Entity,
E0294,私了,Entity,
E0295,手头转,Entity,
E0296,明天来我办公室一趟,Entity,
E0297,小张你现在方便吗,Entity,
E0298,我在开会不方便讲话,Entity,
E0299,给甲方打点一下,Entity,
E0300,出差临时缺钱,Entity,
E0301,余额截图发给我,Entity,
E0302,帮你垫一笔,Entity,
E0303,我是你领导,Entity,
E0304,换号码了,Entity,
E0305,原来的号别用了,Entity,
E0306,事关重大,Entity,
E0307,处理完之前别跟任何人提,Entity,
E0308,垫一下,Entity,
E0309,用你账户转一下,Entity,
E0310,急需资金周转,Entity,
E0311,宝妈,Entity,
E0312,学生,Entity,
E0313,在家就能做,Entity,
E0314,日赚200,Entity,
E0315,日入300,Entity,
E0316,一单返5元,Entity,
E0317,首单立返10元,Entity,
E0318,佣金翻倍,Entity,
E0319,只需手机,Entity,
E0320,零垫付,Entity,
E0321,只要会截图,Entity,
E0322,包教包会,Entity,
E0323,垫付1000返还1300,Entity,
E0324,做满3单提现,Entity,
E0325,做联单任务,Entity,
E0326,只有3个名额,Entity,
E0327,最后两个位置,Entity,
E0328,超时不候,Entity,
E0329,限时1小时,Entity,
E0330,活动日最后一天,Entity,
E0331,下载我们的APP,Entity,
E0332,扫码进群,Entity,
E0333,刷单,Entity,
E0334,返利,Entity,
E0335,佣金,Entity,
E0336,垫付,Entity,
E0337,任务,Entity,
E0338,系统检测到违规,Entity,
E0339,多劳多得,Entity,
E0340,私募通道,Entity,
E0341,央行批复项目,Entity,
E0342,数字人民币试点,Entity,
E0343,内部消息,Entity,
E0344,稳赚不赔,Entity,
E0345,每天都能赚,Entity,
E0346,收益翻倍,Entity,
E0347,保本保息,Entity,
E0348,起投一千,Entity,
E0349,限今日,Entity,
E0350,只针对VIP,Entity,
E0351,错过就没了,Entity,
E0352,账户被冻结,Entity,
E0353,流水不够,Entity,
E0354,需要补税,Entity,
E0355,缴纳解冻费,Entity,
E0356,再充值一笔,Entity,
E0357,补缴个人所得税,Entity,
E0358,补齐流水,Entity,
E0359,原始股,Entity,
E0360,涨停板,Entity,
E0361,先投入一笔,Entity,
E0362,今天行情好,Entity,
E0363,群里所有人都赚了,Entity,
E0364,原始股配额,Entity,
E0365,内部认购,Entity,
E0366,稳赚项目,Entity,
E0367,内幕消息,Entity,
E0368,数字人民币,Entity,
E0369,中央电视台,Entity,
E0370,非常六加一,Entity,
E0371,我是歌手,Entity,
E0372,热门综艺,Entity,
E0373,官方平台,Entity,
E0374,本栏目,Entity,
E0375,二等奖,Entity,
E0376,奖金八万,Entity,
E0377,十万现金,Entity,
E0378,智能手机,Entity,
E0379,金牌VIP,Entity,
E0380,先交个人所得税,Entity,
E0381,缴纳保证金,Entity,
E0382,支付手续费,Entity,
E0383,公证费,Entity,
E0384,幸运用户,Entity,
E0385,幸运客户,Entity,
E0386,内测用户,Entity,
E0387,VIP种子,Entity,
E0388,忠实粉丝,Entity,
E0389,保证金,Entity,
E0390,恭喜您中奖,Entity,
E0391,缴纳税费,Entity,
E0392,某平台,Entity,
E0393,内部渠道,Entity,
E0394,分析师,Entity,
E0395,老师,Entity,
E0396,精准预测,Entity,
E0397,AI大数据,Entity,
E0398,独家内幕,Entity,
E0399,独家分析,Entity,
E0400,返水30%,Entity,
E0401,回报率200%,Entity,
E0402,翻倍赢回,Entity,
E0403,趁现在,Entity,
E0404,限时,Entity,
E0405,错过今晚就没了,Entity,
E0406,就这十分钟,Entity,
E0407,再贷一笔,Entity,
E0408,注册就送,Entity,
E0409,导师带单,Entity,
E0410,平台有漏洞,Entity,
E0411,账户违规,Entity,
E0412,必赢,Entity,
E0413,低价,Entity,
E0414,免费,Entity,
E0415,折扣,Entity,
E0416,特价,Entity,
E0417,装备,Entity,
E0418,皮肤,Entity,
E0419,点券,Entity,
E0420,会员,Entity,
E0421,道具,Entity,
E0422,游戏币,Entity,
E0423,扫码支付,Entity,
E0424,加微信,Entity,
E0425,私聊,Entity,
E0426,别走平台,Entity,
E0427,先转钱,Entity,
E0428,点链接付款,Entity,
E0429,扫二维码,Entity,
E0430,被锁定,Entity,
E0431,装备未到账,Entity,
E0432,订单异常,Entity,
E0433,需要激活,Entity,
E0434,被举报,Entity,
E0435,装备交易诈骗,Entity,
E0436,账号被封,Entity,
E0437,无抵押,Entity,
E0438,无担保,Entity,
E0439,不查征信,Entity,
E0440,只要身份证,Entity,
E0441,最高50万,Entity,
E0442,大额贷款,Entity,
E0443,二十万备用金,Entity,
E0444,30万额度,Entity,
E0445,秒到账,Entity,
E0446,当日下款,Entity,
E0447,马上放款,Entity,
E0448,先付手续费,Entity,
E0449,付保证金,Entity,
E0450,购买指定商品,Entity,
E0451,交验证金,Entity,
E0452,银行卡号错误导致冻结,Entity,
E0453,流水不足,Entity,
E0454,征信评分不够,Entity,
E0455,审核未通过,Entity,
E0456,缴解冻费,Entity,
E0457,付激活费,Entity,
E0458,先支付验证金,Entity,
E0459,解冻费,Entity,
E0460,下载我,Entity,
E0461,验证金,Entity,
E0462,激活费,Entity,
E0463,丢失,Entity,
E0464,质量问题,Entity,
E0465,甲醛超标,Entity,
E0466,损坏,Entity,
E0467,被海关扣押,Entity,
E0468,有瑕疵,Entity,
E0469,发错货,Entity,
E0470,三倍理赔,Entity,
E0471,退款,Entity,
E0472,赔钱,Entity,
E0473,主动退货,Entity,
E0474,加客服QQ,Entity,
E0475,打开屏幕共享,Entity,
E0476,填银行卡信息,Entity,
E0477,先转账验证,Entity,
E0478,远程操作,Entity,
E0479,误将你开通了VIP,Entity,
E0480,不小心设置了代理商,Entity,
E0481,系统出错,Entity,
E0482,后台点错,Entity,
E0483,每月会扣费,Entity,
E0484,自动续费会员,Entity,
E0485,代理商月费,Entity,
E0486,屏幕共享,Entity,
E0487,加QQ,Entity,
E0488,三倍,Entity,
E0489,您的订单丢失,Entity,
E0490,误将您设置为代理商,Entity,
E0491,免密支付,Entity,
E0492,关闭功能,Entity,
E0493,百万保障,Entity,
E0494,平台退款诈骗,Entity,
E0495,丢件要赔偿,Entity,
E0496,需清关费,Entity,
E0497,检出违禁品,Entity,
E0498,无人签收,Entity,
E0499,被退回,Entity,
E0500,系统升级,Entity,
E0501,支付保管费,Entity,
E0502,支付邮费,Entity,
E0503,付改地址费,Entity,
E0504,付转寄费,Entity,
E0505,先发运费,Entity,
E0506,免费送手机,Entity,
E0507,免费送空调扇,Entity,
E0508,免费送家电,Entity,
E0509,只需付邮费,Entity,
E0510,付运费到付,Entity,
E0511,运费到付,Entity,
E0512,清关费,Entity,
E0513,免费送,Entity,
E0514,改地址费,Entity,
E0515,账号异常,Entity,
E0516,被限制登录,Entity,
E0517,需要验证,Entity,
E0518,红包封面免费领,Entity,
E0519,被人举报,Entity,
E0520,支付被限,Entity,
E0521,点击链接解封,Entity,
E0522,加客服处理,Entity,
E0523,扫码解决,Entity,
E0524,回复验证码,Entity,
E0525,百万保障到期,Entity,
E0526,自动续费,Entity,
E0527,支付分,Entity,
E0528,取消,Entity,
E0529,延误,Entity,
E0530,机械故障,Entity,
E0531,流量管控,Entity,
E0532,改签,Entity,
E0533,退票,Entity,
E0534,领延误赔付,Entity,
E0535,重新预订,Entity,
E0536,提供银行卡号,Entity,
E0537,付手续费,Entity,
E0538,加微信付款出票,Entity,
E0539,预订不付款,Entity,
E0540,航班取消,Entity,
E0541,退票手续费,Entity,
E0542,延误赔付,Entity,
E0543,航空公司,Entity,
E0544,特价票,Entity,
E0545,安全入户检查,Entity,
E0546,全市管道普查,Entity,
E0547,老旧管道改造,Entity,
E0548,管道,Entity,
E0549,燃气表,Entity,
E0550,报警器,Entity,
E0551,胶管,Entity,
E0552,波纹管,Entity,
E0553,泄漏隐患,Entity,
E0554,爆燃风险,Entity,
E0555,超过使用年限,Entity,
E0556,已经老化,Entity,
E0557,需要更换,Entity,
E0558,先缴检测费,Entity,
E0559,预收安装费,Entity,
E0560,更换费,Entity,
E0561,预约上门,Entity,
E0562,先付后返,Entity,
E0563,强制更换,Entity,
E0564,存在隐患,Entity,
E0565,安全阀,Entity,
E0566,管道改造收费,Entity,
E0567,先缴后返,Entity,
E0568,供电局,Entity,
E0569,国家电网,Entity,
E0570,电力公司,Entity,
E0571,网上国网,Entity,
E0572,用电异常,Entity,
E0573,窃电,Entity,
E0574,欠费,Entity,
E0575,远程抄表异常,Entity,
E0576,线路问题,Entity,
E0577,缴清电费,Entity,
E0578,补交保证金,Entity,
E0579,退费领取,Entity,
E0580,入户核实,Entity,
E0581,线路检修,Entity,
E0582,家电费余额可退现,Entity,
E0583,老旧线路国家级补贴,Entity,
E0584,申请应急供电,Entity,
E0585,需要银行卡号,Entity,
E0586,确认户号和身份证,Entity,
E0587,您的电费余额不足,Entity,
E0588,电力公司通知,Entity,
E0589,电费退现,Entity,
E0590,老旧线路补贴,Entity,
E0591,查微信记录,Entity,
E0592,手机定位,Entity,
E0593,开房记录,Entity,
E0594,破解对方手机,Entity,
E0595,恢复删除聊天,Entity,
E0596,黑手机,Entity,
E0597,需要的私,Entity,
E0598,帮我操作,Entity,
E0599,有技术手段,Entity,
E0600,先付一半,Entity,
E0601,五百一条,Entity,
E0602,雇佣黑客,Entity,
E0603,黑进系统,Entity,
E0604,付费查询,Entity,
E0605,宽带欠费,Entity,
E0606,套餐到期,Entity,
E0607,WiFi被破解,Entity,
E0608,IP地址异常,Entity,
E0609,被网警警告,Entity,
E0610,浏览境外网站,Entity,
E0611,续费,Entity,
E0612,回复1办理,Entity,
E0613,转账解封,Entity,
E0614,核查,Entity,
E0615,验证身份证号,Entity,
E0616,下载固件升级,Entity,
E0617,张先生您好,Entity,
E0618,李女士您好,Entity,
E0619,王先生您好,Entity,
E0620,女士您好,Entity,
E0621,先生您好,Entity,
E0622,您好打扰一下,Entity,
E0623,太平洋人寿,Entity,
E0624,平安人寿,Entity,
E0625,中国人寿,Entity,
E0626,太平人寿,Entity,
E0627,人保,Entity,
E0628,平安健康,Entity,
E0629,泰康,Entity,
E0630,新华保险,Entity,
E0631,人保车险,Entity,
E0632,老客户回馈活动,Entity,
E0633,小朋友的保险,Entity,
E0634,养老社区,Entity,
E0635,保单到期,Entity,
E0636,保单分析,Entity,
E0637,新出一款重疾险,Entity,
E0638,保障型产品,Entity,
E0639,车险,Entity,
E0640,续保折扣,Entity,
E0641,锁单优惠,Entity,
E0642,月交几百块,Entity,
E0643,每天不到一块钱,Entity,
E0644,花小钱买大安心,Entity,
E0645,保费才几块钱,Entity,
E0646,保额高达百万,Entity,
E0647,保上百万重疾,Entity,
E0648,覆盖上百种疾病,Entity,
E0649,全家保,Entity,
E0650,花您一分钟介绍,Entity,
E0651,阿姨您好,Entity,
E0652,大姐您好,Entity,
E0653,瑞慈体检,Entity,
E0654,爱康国宾,Entity,
E0655,华大基因,Entity,
E0656,微基因,Entity,
E0657,23魔方,Entity,
E0658,汤臣倍健,Entity,
E0659,无限极,Entity,
E0660,固生堂中医,Entity,
E0661,最近睡眠怎么样,Entity,
E0662,平时注重养生吗,Entity,
E0663,有没有关节不舒服,Entity,
E0664,有家族遗传病史吗,Entity,
E0665,对健康方面关注吗,Entity,
E0666,肩颈不舒服吧,Entity,
E0667,保健品调理,Entity,
E0668,全身健康检测,Entity,
E0669,基因检测套餐,Entity,
E0670,中药古方调理,Entity,
E0671,氨糖护关节产品,Entity,
E0672,专家免费咨询,Entity,
E0673,之前在平台上咨询过体检套餐,Entity,
E0674,上次体检有几项指标偏高,Entity,
E0675,家里有老人有慢性病需要长期调理,Entity,
E0676,在电商平台买过我们的保健品,Entity,
E0677,要不要给您安排一个免费体验,Entity,
E0678,有兴趣预约一下吗,Entity,
E0679,周末带家人过来看看吧,Entity,
E0680,瑞慈,Entity,
E0681,固生堂,Entity,
E0682,保健品,Entity,
E0683,基因检测,Entity,
E0684,中医调理,Entity,
E0685,请问您是王先生吗,Entity,
E0686,刘先生您好,Entity,
E0687,大哥您好,Entity,
E0688,周女士您好,Entity,
E0689,喂您好,Entity,
E0690,链家,Entity,
E0691,贝壳找房,Entity,
E0692,万科翡翠公园,Entity,
E0693,碧桂园凤凰城,Entity,
E0694,保利天汇,Entity,
E0695,融创,Entity,
E0696,贝壳上,Entity,
E0697,我们公众号,Entity,
E0698,我们项目,Entity,
E0699,我们展厅,Entity,
E0700,之前来看过,Entity,
E0701,同户型刚出来,Entity,
E0702,二期认筹了,Entity,
E0703,今天调价了,Entity,
E0704,有批工抵房,Entity,
E0705,客户出价挺高,Entity,
E0706,这周六要开了,Entity,
E0707,单价便宜三千,Entity,
E0708,首付二十来万月供不到五千,Entity,
E0709,学区地铁都有,Entity,
E0710,新开盘地铁口走路五分钟,Entity,
E0711,要不要来了解一下,Entity,
E0712,您周末有空过来看看不,Entity,
E0713,有空来看看吗,Entity,
E0714,贝壳,Entity,
E0715,碧桂园,Entity,
E0716,华为体验店,Entity,
E0717,小米之家,Entity,
E0718,苹果授权店,Entity,
E0719,苏宁易购,Entity,
E0720,京东电器,Entity,
E0721,创维电视,Entity,
E0722,联通,Entity,
E0723,电信,Entity,
E0724,之前买过手机,Entity,
E0725,手机用了多久了,Entity,
E0726,套餐是不是58的,Entity,
E0727,信号怎么样,Entity,
E0728,看看新手机,Entity,
E0729,Mate系列,Entity,
E0730,换新的,Entity,
E0731,升级套餐,Entity,
E0732,iPhone有活动,Entity,
E0733,电视用了多久了,Entity,
E0734,免费送流量,Entity,
E0735,宽带续费,Entity,
E0736,这部手机,Entity,
E0737,这个宽带套餐,Entity,
E0738,这个电视,Entity,
E0739,两三年,Entity,
E0740,三年多,Entity,
E0741,好几年,Entity,
E0742,以旧换新活动最高抵两千,Entity,
E0743,升级五G套餐月费不变流量翻倍,Entity,
E0744,新款性价比很高要不要了解一下,Entity,
E0745,运营商套餐升级,Entity,
E0746,宽带提速,Entity,
E0747,以旧换新补贴,Entity,
E0748,华为,Entity,
E0749,小米,Entity,
E0750,iPhone,Entity,
E0751,张伟同学家长您好,Entity,
E0752,李明家长您好,Entity,
E0753,王思琪妈妈您好,Entity,
E0754,陈浩然家长您好,Entity,
E0755,学而思,Entity,
E0756,猿辅导,Entity,
E0757,作业帮,Entity,
E0758,学大教育,Entity,
E0759,掌门一对一,Entity,
E0760,中公教育,Entity,
E0761,尚德,Entity,
E0762,恒企会计,Entity,
E0763,乐学高考,Entity,
E0764,中华会计网校,Entity,
E0765,东奥会计,Entity,
E0766,建设工程教育网,Entity,
E0767,医学教育网,Entity,
E0768,之前咨询过课程,Entity,
E0769,留过信息,Entity,
E0770,孩子几年级,Entity,
E0771,预约过试听,Entity,
E0772,想提升学历,Entity,
E0773,体验课,Entity,
E0774,一对一辅导,Entity,
E0775,数学/公务员/会计培训,Entity,
E0776,暑假班优惠,Entity,
E0777,适合年龄段的课,Entity,
E0778,实操课程,Entity,
E0779,考初级还是中级,Entity,
E0780,一建咨询,Entity,
E0781,现在报名有优惠,Entity,
E0782,暑期特价,Entity,
E0783,月底之前,Entity,
E0784,报两科免一科,Entity,
E0785,马上开课了,Entity,
E0786,学大,Entity,
E0787,中华会计,Entity,
E0788,试听课,Entity,
E0789,暑假班,Entity,
E0790,携程,Entity,
E0791,飞猪,Entity,
E0792,春秋旅游,Entity,
E0793,国旅,Entity,
E0794,同程,Entity,
E0795,途牛,Entity,
E0796,驴妈妈,Entity,
E0797,去哪儿网,Entity,
E0798,众信旅游,Entity,
E0799,行程推荐,Entity,
E0800,报团还是自由行,Entity,
E0801,亲子游,Entity,
E0802,定制行程,Entity,
E0803,特价团,Entity,
E0804,机票酒店打包,Entity,
E0805,境外游,Entity,
E0806,新疆专列,Entity,
E0807,您之前在我们平台查过航班信息,Entity,
E0808,您上周咨询过出境游线路,Entity,
E0809,看到您搜索过目的地机票,Entity,
E0810,最近有个尾单特价去XX只要两千多,Entity,
E0811,这个周末有个特价团名额有限,Entity,
E0812,现在订提前一个月有早鸟优惠,Entity,
E0813,特价机票,Entity,
E0814,自由行定制,Entity,
E0815,亲子游套餐,Entity,
E0816,报团,Entity,
E0817,酒店,Entity,
E0818,您是宝宝妈妈吧,Entity,
E0819,金宝贝,Entity,
E0820,美吉姆,Entity,
E0821,爱帝宫月子,Entity,
E0822,孩子王,Entity,
E0823,东方爱婴,Entity,
E0824,爱你宝贝摄影,Entity,
E0825,母婴,Entity,
E0826,儿童摄影,Entity,
E0827,之前咨询过早教,Entity,
E0828,孩子多大了,Entity,
E0829,问过纸尿裤,Entity,
E0830,想了解全日托还是周末课,Entity,
E0831,拍过写真吗,Entity,
E0832,拍照有优惠,Entity,
E0833,早教课,Entity,
E0834,带孩子体验一下,Entity,
E0835,亲子游泳体验课,Entity,
E0836,早教盒子月卡,Entity,
E0837,宝宝满月照,Entity,
E0838,拍照优惠,Entity,
E0839,月子中心,Entity,
E0840,您家宝宝现在几个月了,Entity,
E0841,上次来体验课小朋友玩得开心吗,Entity,
E0842,孩子到了该上早教的年龄了吧,Entity,
E0843,来试试我们的亲子游泳课,Entity,
E0844,给孩子报个兴趣班培养一下,Entity,
E0845,预约一节免费体验课吧,Entity,
E0846,早教课程,Entity,
E0847,亲子游泳,Entity,
E0848,宝宝,Entity,
E0849,家长,Entity,
E0850,陈女士您好,Entity,
E0851,平安车险,Entity,
E0852,太平洋车险,Entity,
E0853,大地车险,Entity,
E0854,中国人保车险,Entity,
E0855,奥迪店,Entity,
E0856,一汽大众,Entity,
E0857,比亚迪,Entity,
E0858,广汽丰田,Entity,
E0859,优信二手车,Entity,
E0860,瓜子二手车,Entity,
E0861,特斯拉,Entity,
E0862,车险快到期了,Entity,
E0863,之前到店看过,Entity,
E0864,问过凯美瑞,Entity,
E0865,预约过试驾,Entity,
E0866,有车要卖,Entity,
E0867,帮您报价,Entity,
E0868,有车展特价,Entity,
E0869,试驾车比新车便宜,Entity,
E0870,二手车可分期,Entity,
E0871,评估一下车价,Entity,
E0872,您那台车开了几年了想换车吗,Entity,
E0873,了解到您最近有购车意向,Entity,
E0874,您之前在我们平台留过评估信息,Entity,
E0875,现在店里有个以旧换新的活动补贴力度挺大,Entity,
E0876,有台试驾车只跑了三千公里比新车便宜不少,Entity,
E0877,二手车可以分期首付只要两成,Entity,
E0878,试驾,Entity,
E0879,二手车评估,Entity,
E0880,特价车源,Entity,
E0881,4S,Entity,
E0882,孙老板您好,Entity,
E0883,周老板您好,Entity,
E0884,吴老板您好,Entity,
E0885,老板您好,Entity,
E0886,张总,Entity,
E0887,您好老板,Entity,
E0888,申通,Entity,
E0889,中通,Entity,
E0890,韵达,Entity,
E0891,百世,Entity,
E0892,德邦,Entity,
E0893,顺丰,Entity,
E0894,极兔,Entity,
E0895,有件要发,Entity,
E0896,寄件方便上门收,Entity,
E0897,发件量大可优惠,Entity,
E0898,大件要发,Entity,
E0899,电商做得不错,Entity,
E0900,仓配一体省成本,Entity,
E0901,寄件打会员价,Entity,
E0902,了解到您有跨境发货的需求,Entity,
E0903,看您每天发货量不小,Entity,
E0904,您之前咨询过大件物流,Entity,
E0905,我们跨境线路价格比市场价低两成,Entity,
E0906,量大可以给您申请大客户价一单能省好几块,Entity,
E0907,我们有仓配一体服务可以帮您省仓储成本,Entity,
E0908,跨境物流,Entity,
E0909,电商发货,Entity,
E0910,上门取件,Entity,
E0911,寄件,Entity,
E0912,物流,Entity,
E0913,王女士您好,Entity,
E0914,美莱医疗美容,Entity,
E0915,华美整形,Entity,
E0916,瑞丽医疗美容,Entity,
E0917,伊美尔,Entity,
E0918,碧莲盛植发,Entity,
E0919,爱尔眼科,Entity,
E0920,拜博口腔,Entity,
E0921,艺星整形,Entity,
E0922,美立方医疗,Entity,
E0923,美莱医疗,Entity,
E0924,咨询过皮肤项目,Entity,
E0925,留过联系方式,Entity,
E0926,想改善什么问题,Entity,
E0927,头发现在怎么样,Entity,
E0928,咨询过近视手术,Entity,
E0929,牙齿最近怎么样,Entity,
E0930,想了解哪个项目,Entity,
E0931,想改善什么,Entity,
E0932,进口品牌有优惠,Entity,
E0933,植发有活动,Entity,
E0934,分期付款,Entity,
E0935,进口清洁仪器体验价,Entity,
E0936,暑期双眼皮折扣,Entity,
E0937,面部线雕案例,Entity,
E0938,做过皮肤项目,Entity,
E0939,咨询过植发,Entity,
E0940,看过牙齿矫正,Entity,
E0941,做过眼部手术,Entity,
E0942,最近恢复得怎么样，方便的话回来复查一下,Entity,
E0943,我们最近有个新项目很适合您的情况,Entity,
E0944,有老客户回馈活动给您预留了名额,Entity,
E0945,整形,Entity,
E0946,美容,Entity,
E0947,植发,Entity,
E0948,医美,Entity,
E0949,口腔,Entity,
E0950,您好,Entity,
E0951,你好,Entity,
E0952,东易日盛,Entity,
E0953,业之峰,Entity,
E0954,爱空间,Entity,
E0955,尚层别墅,Entity,
E0956,圣都,Entity,
E0957,名雕,Entity,
E0958,生活家,Entity,
E0959,土巴兔,Entity,
E0960,居然之家,Entity,
E0961,红星美凯龙,Entity,
E0962,要装修吗,Entity,
E0963,有装修打算吗,Entity,
E0964,是联排还是独栋,Entity,
E0965,房子收房了吗,Entity,
E0966,有软装需求吗,Entity,
E0967,样板房征集装修打七折,Entity,
E0968,推荐几家装修公司,Entity,
E0969,套餐比市场价便宜,Entity,
E0970,全包套餐698一方,Entity,
E0971,免费先出方案,Entity,
E0972,去年在我们这儿装的房子,Entity,
E0973,上半年做的全屋定制,Entity,
E0974,前阵子装的橱柜,Entity,
E0975,住进去感觉怎么样有什么问题没有,Entity,
E0976,家具用着还习惯吗,Entity,
E0977,有没有需要维护的地方,Entity,
E0978,最近公司有个老客户免费保养活动,Entity,
E0979,我们现在出了新款可以成本价升级,Entity,
E0980,推荐邻居签单可以送一次全屋保洁,Entity,
E0981,装修公司,Entity,
E0982,样板房,Entity,
E0983,全屋定制,Entity,
E0984,设计,Entity,
E0985,家具,Entity,
E0986,平安普惠,Entity,
E0987,建设银行,Entity,
E0988,工商银行,Entity,
E0989,招联金融,Entity,
E0990,微众银行,Entity,
E0991,农商行,Entity,
E0992,中信银行,Entity,
E0993,平安银行,Entity,
E0994,京东金条,Entity,
E0995,平安易贷,Entity,
E0996,信用贷款批下来了,Entity,
E0997,有个贷款额度,Entity,
E0998,先息后本,Entity,
E0999,月息不到三厘,Entity,
E1000,最高五十万,Entity,
E1001,房产抵押,Entity,
E1002,信用贷,Entity,
E1003,您在我们行有笔大额消费贷额度快要到期了,Entity,
E1004,名下如果有房产可以申请抵押贷利率很低,Entity,
E1005,您之前申请的那笔备用金审批通过了,Entity,
E1006,需要装修还是经营周转都可以用,Entity,
E1007,可以先息后本压力小,Entity,
E1008,方便的话来网点签个字就放款了,Entity,
E1009,信贷,Entity,
E1010,利率优惠,Entity,
E1011,贷款,Entity,
E1012,额度,Entity,
E1013,王老板您好,Entity,
E1014,李老板您好,Entity,
E1015,刘总您好,Entity,
E1016,孙总您好,Entity,
E1017,吴总您好,Entity,
E1018,您好周老板,Entity,
E1019,美团外卖,Entity,
E1020,饿了么,Entity,
E1021,美团到店,Entity,
E1022,淘宝闪购,Entity,
E1023,大众点评,Entity,
E1024,口碑,Entity,
E1025,美团圈点宝,Entity,
E1026,美团收银,Entity,
E1027,专业代运营,Entity,
E1028,单量怎么样,Entity,
E1029,做湘菜的,Entity,
E1030,排名挺不错,Entity,
E1031,有些活动没开通,Entity,
E1032,扫码支付开了吗,Entity,
E1033,抽成比例高,Entity,
E1034,单量下滑,Entity,
E1035,店铺曝光低,Entity,
E1036,聊几句,Entity,
E1037,帮您调一下,Entity,
E1038,代运营,Entity,
E1039,降到18个点,Entity,
E1040,优化排名,Entity,
E1041,看到您店铺评分挺高的但曝光不太够,Entity,
E1042,您店铺有些新菜品还没上推荐位,Entity,
E1043,发现您店里回头客很多可以做个会员体系,Entity,
E1044,推荐您开通店铺推广预算可以自己控制,Entity,
E1045,参加平台的满减活动能带动单量,Entity,
E1046,我们新出了店铺自营销工具可以帮您拉新,Entity,
E1047,师傅您好,Entity,
E1048,师傅,Entity,
E1049,滴滴出行,Entity,
E1050,滴滴货运,Entity,
E1051,滴滴代驾,Entity,
E1052,花小猪,Entity,
E1053,曹操出行,Entity,
E1054,T3出行,Entity,
E1055,高德打车,Entity,
E1056,哈啰出行,Entity,
E1057,首汽约车,Entity,
E1058,享道出行,Entity,
E1059,百度打车,Entity,
E1060,美团打车,Entity,
E1061,有拉货需求,Entity,
E1062,做代驾司机,Entity,
E1063,兼职开车赚外快,Entity,
E1064,注册成司机,Entity,
E1065,跑专车,Entity,
E1066,招司机,Entity,
E1067,转跑专车,Entity,
E1068,跑顺风车,Entity,
E1069,升级优选司机,Entity,
E1070,多平台接单,Entity,
E1071,送优惠券,Entity,
E1072,会员服务,Entity,
E1073,门槛不高,Entity,
E1074,单子多,Entity,
E1075,抽成减半,Entity,
E1076,账号升级奖励,Entity,
E1077,单价比快车高,Entity,
E1078,首月免抽成,Entity,
E1079,新人奖励,Entity,
E1080,流水更高,Entity,
E1081,看到您经常用我们平台打车,Entity,
E1082,您之前注册过司机但一直没上线,Entity,
E1083,您最近打车比较多,Entity,
E1084,给您送了一张八折优惠券,Entity,
E1085,现在跑车有新人奖励跑满十单奖三百,Entity,
E1086,升级专车司机单价高不少,Entity,
E1087,首汽,Entity,
E1088,享道,Entity,
