head_id,head_name,relation,tail_id,tail_name,note
E0007,冒充公检法人员诈骗,belongs_to_group,E0001,权威压迫型,
E0007,冒充公检法人员诈骗,has_entity,E0049,公安局,slot=机构名;type=Brand
E0007,冒充公检法人员诈骗,has_entity,E0050,法院,slot=机构名;type=Brand
E0007,冒充公检法人员诈骗,has_entity,E0051,检察院,slot=机构名;type=Brand
E0007,冒充公检法人员诈骗,has_entity,E0052,海关,slot=机构名;type=Brand
E0007,冒充公检法人员诈骗,has_entity,E0053,身份证,slot=证件/账户;type=Phrase
E0007,冒充公检法人员诈骗,has_entity,E0054,银行卡,slot=证件/账户;type=Phrase
E0007,冒充公检法人员诈骗,has_entity,E0055,手机号,slot=证件/账户;type=Phrase
E0007,冒充公检法人员诈骗,has_entity,E0056,护照,slot=证件/账户;type=Keyword
E0007,冒充公检法人员诈骗,has_entity,E0057,洗钱,slot=涉嫌罪名;type=Keyword
E0007,冒充公检法人员诈骗,has_entity,E0058,贩毒,slot=涉嫌罪名;type=Keyword
E0007,冒充公检法人员诈骗,has_entity,E0059,非法集资,slot=涉嫌罪名;type=Phrase
E0007,冒充公检法人员诈骗,has_entity,E0060,非法入境,slot=涉嫌罪名;type=Phrase
E0007,冒充公检法人员诈骗,has_entity,E0061,诈骗,slot=涉嫌罪名;type=Keyword
E0007,冒充公检法人员诈骗,has_entity,E0062,转账到安全账户,slot=配合要求;type=Utterance
E0007,冒充公检法人员诈骗,has_entity,E0063,提供验证码,slot=配合要求;type=Phrase
E0007,冒充公检法人员诈骗,has_entity,E0064,下载APP,slot=配合要求;type=Phrase
E0007,冒充公检法人员诈骗,has_entity,E0065,视频笔录,slot=配合要求;type=Phrase
E0007,冒充公检法人员诈骗,has_entity,E0066,中央督办,slot=案件级别;type=Phrase
E0007,冒充公检法人员诈骗,has_entity,E0067,公安部挂牌,slot=案件级别;type=Phrase
E0007,冒充公检法人员诈骗,has_entity,E0068,跨省重案,slot=案件级别;type=Phrase
E0007,冒充公检法人员诈骗,has_entity,E0069,冻结名下资产,slot=后果威胁;type=Utterance
E0007,冒充公检法人员诈骗,has_entity,E0070,限制出境,slot=后果威胁;type=Phrase
E0007,冒充公检法人员诈骗,has_entity,E0071,刑事拘留,slot=后果威胁;type=Phrase
E0007,冒充公检法人员诈骗,has_entity,E0072,判刑,slot=后果威胁;type=Keyword
E0007,冒充公检法人员诈骗,has_entity,E0073,牵连家人,slot=后果威胁;type=Phrase
E0007,冒充公检法人员诈骗,has_entity,E0074,不许告诉任何人,slot=保密要求;type=Utterance
E0007,冒充公检法人员诈骗,has_entity,E0075,泄密负刑事责任,slot=保密要求;type=Utterance
E0007,冒充公检法人员诈骗,has_entity,E0076,关上门不要让人听到,slot=保密要求;type=Utterance
E0077,拘留,indicates,E0007,冒充公检法人员诈骗,weight=strong;type=Keyword
E0078,逮捕,indicates,E0007,冒充公检法人员诈骗,weight=strong;type=Keyword
E0079,通缉,indicates,E0007,冒充公检法人员诈骗,weight=strong;type=Keyword
E0057,洗钱,indicates,E0007,冒充公检法人员诈骗,weight=strong;type=Keyword
E0080,安全账户,indicates,E0007,冒充公检法人员诈骗,weight=strong;type=Phrase
E0066,中央督办,indicates,E0007,冒充公检法人员诈骗,weight=strong;type=Phrase
E0081,涉嫌洗钱,indicates,E0007,冒充公检法人员诈骗,weight=strong;type=Phrase
E0082,犯罪活动,indicates,E0007,冒充公检法人员诈骗,weight=strong;type=Phrase
E0083,资金清查,indicates,E0007,冒充公检法人员诈骗,weight=strong;type=Phrase
E0084,不被起诉,indicates,E0007,冒充公检法人员诈骗,weight=strong;type=Phrase
E0085,证明清白,indicates,E0007,冒充公检法人员诈骗,weight=strong;type=Phrase
E0007,冒充公检法人员诈骗,confusable_with,E0012,虚假征信诈骗,
E0012,虚假征信诈骗,confusable_with,E0007,冒充公检法人员诈骗,
E0007,冒充公检法人员诈骗,confusable_with,E0008,冒充银行诈骗,
E0008,冒充银行诈骗,confusable_with,E0007,冒充公检法人员诈骗,
E0008,冒充银行诈骗,belongs_to_group,E0001,权威压迫型,
E0008,冒充银行诈骗,has_entity,E0086,存在盗刷风险,slot=异常情况;type=Utterance
E0008,冒充银行诈骗,has_entity,E0087,已被冻结,slot=异常情况;type=Phrase
E0008,冒充银行诈骗,has_entity,E0088,逾期未还,slot=异常情况;type=Phrase
E0008,冒充银行诈骗,has_entity,E0089,涉及洗钱,slot=异常情况;type=Phrase
E0008,冒充银行诈骗,has_entity,E0090,信用卡套现,slot=异常情况;type=Phrase
E0008,冒充银行诈骗,has_entity,E0062,转账到安全账户,slot=验证/转账;type=Action
E0008,冒充银行诈骗,has_entity,E0091,重新验证信息,slot=验证/转账;type=Action
E0008,冒充银行诈骗,has_entity,E0092,点击链接解冻,slot=验证/转账;type=Action
E0008,冒充银行诈骗,has_entity,E0063,提供验证码,slot=验证/转账;type=Action
E0008,冒充银行诈骗,has_entity,E0093,信用额度可以提升,slot=优惠/升级;type=Utterance
E0008,冒充银行诈骗,has_entity,E0094,高回报理财产品,slot=优惠/升级;type=Utterance
E0008,冒充银行诈骗,has_entity,E0095,POS机押金返还,slot=优惠/升级;type=Utterance
E0008,冒充银行诈骗,has_entity,E0096,点击链接申请,slot=需操作;type=Action
E0008,冒充银行诈骗,has_entity,E0097,转账后再退还,slot=需操作;type=Action
E0008,冒充银行诈骗,has_entity,E0098,输入验证码确认,slot=需操作;type=Action
E0099,盗刷,indicates,E0008,冒充银行诈骗,weight=strong;type=Keyword
E0080,安全账户,indicates,E0008,冒充银行诈骗,weight=strong;type=Phrase
E0100,解冻,indicates,E0008,冒充银行诈骗,weight=strong;type=Keyword
E0101,被限制使用,indicates,E0008,冒充银行诈骗,weight=strong;type=Phrase
E0102,账户异常,indicates,E0008,冒充银行诈骗,weight=medium;type=Phrase
E0008,冒充银行诈骗,confusable_with,E0012,虚假征信诈骗,
E0012,虚假征信诈骗,confusable_with,E0008,冒充银行诈骗,
E0009,冒充工商诈骗,belongs_to_group,E0001,权威压迫型,
E0009,冒充工商诈骗,has_entity,E0103,营业执照年审,slot=问题类型;type=Utterance
E0009,冒充工商诈骗,has_entity,E0104,企业年报逾期,slot=问题类型;type=Utterance
E0009,冒充工商诈骗,has_entity,E0105,商标被注销,slot=问题类型;type=Phrase
E0009,冒充工商诈骗,has_entity,E0106,经营异常,slot=问题类型;type=Phrase
E0009,冒充工商诈骗,has_entity,E0107,被投诉,slot=问题类型;type=Phrase
E0009,冒充工商诈骗,has_entity,E0108,点击链接处理,slot=操作;type=Action
E0009,冒充工商诈骗,has_entity,E0109,缴纳罚款,slot=操作;type=Action
E0009,冒充工商诈骗,has_entity,E0110,重新验证,slot=操作;type=Action
E0009,冒充工商诈骗,has_entity,E0111,交保证金,slot=操作;type=Action
E0009,冒充工商诈骗,has_entity,E0112,吊销执照,slot=后果;type=Phrase
E0009,冒充工商诈骗,has_entity,E0113,罚款,slot=后果;type=Keyword
E0009,冒充工商诈骗,has_entity,E0114,列入黑名单,slot=后果;type=Phrase
E0009,冒充工商诈骗,has_entity,E0115,强制注销,slot=后果;type=Phrase
E0113,罚款,indicates,E0009,冒充工商诈骗,weight=strong;type=Keyword
E0116,滞纳金,indicates,E0009,冒充工商诈骗,weight=strong;type=Phrase
E0117,法人信息,indicates,E0009,冒充工商诈骗,weight=strong;type=Phrase
E0118,商标抢注,indicates,E0009,冒充工商诈骗,weight=strong;type=Phrase
E0009,冒充工商诈骗,confusable_with,E0010,冒充网信部门诈骗,
E0010,冒充网信部门诈骗,confusable_with,E0009,冒充工商诈骗,
E0010,冒充网信部门诈骗,belongs_to_group,E0001,权威压迫型,
E0010,冒充网信部门诈骗,has_entity,E0119,不实信息,slot=违规内容;type=Phrase
E0010,冒充网信部门诈骗,has_entity,E0120,违法内容,slot=违规内容;type=Phrase
E0010,冒充网信部门诈骗,has_entity,E0121,恶意注册,slot=违规内容;type=Phrase
E0010,冒充网信部门诈骗,has_entity,E0122,涉政言论,slot=违规内容;type=Phrase
E0010,冒充网信部门诈骗,has_entity,E0123,配合注销,slot=处理方式;type=Phrase
E0010,冒充网信部门诈骗,has_entity,E0124,限时整改,slot=处理方式;type=Phrase
E0010,冒充网信部门诈骗,has_entity,E0125,缴费续期,slot=处理方式;type=Phrase
E0010,冒充网信部门诈骗,has_entity,E0126,删除内容,slot=处理方式;type=Phrase
E0127,净网,indicates,E0010,冒充网信部门诈骗,weight=strong;type=Keyword
E0128,网站备案,indicates,E0010,冒充网信部门诈骗,weight=strong;type=Phrase
E0129,ICP备案,indicates,E0010,冒充网信部门诈骗,weight=strong;type=Phrase
E0130,注销备案,indicates,E0010,冒充网信部门诈骗,weight=strong;type=Phrase
E0120,违法内容,indicates,E0010,冒充网信部门诈骗,weight=strong;type=Phrase
E0010,冒充网信部门诈骗,confusable_with,E0011,冒充通信诈骗,
E0011,冒充通信诈骗,confusable_with,E0010,冒充网信部门诈骗,
E0011,冒充通信诈骗,belongs_to_group,E0001,权威压迫型,
E0011,冒充通信诈骗,has_entity,E0131,运营商,slot=运营商/管理局;type=Brand
E0011,冒充通信诈骗,has_entity,E0132,通信管理局,slot=运营商/管理局;type=Brand
E0011,冒充通信诈骗,has_entity,E0133,移动营业厅,slot=运营商/管理局;type=Brand
E0011,冒充通信诈骗,has_entity,E0134,被多人投诉,slot=问题;type=Phrase
E0011,冒充通信诈骗,has_entity,E0135,发送诈骗短信,slot=问题;type=Utterance
E0011,冒充通信诈骗,has_entity,E0136,积分清零,slot=问题;type=Phrase
E0011,冒充通信诈骗,has_entity,E0137,即将停机,slot=问题;type=Phrase
E0011,冒充通信诈骗,has_entity,E0138,被标记为诈骗号码,slot=问题;type=Utterance
E0011,冒充通信诈骗,has_entity,E0139,按X转人工,slot=操作;type=Action
E0011,冒充通信诈骗,has_entity,E0140,点击链接兑换,slot=操作;type=Action
E0011,冒充通信诈骗,has_entity,E0141,配合调查,slot=操作;type=Action
E0011,冒充通信诈骗,has_entity,E0142,按X申诉,slot=操作;type=Action
E0143,身份被人,indicates,E0011,冒充通信诈骗,weight=strong;type=Phrase
E0144,积分兑换,indicates,E0011,冒充通信诈骗,weight=strong;type=Phrase
E0135,发送诈骗短信,indicates,E0011,冒充通信诈骗,weight=strong;type=Utterance
E0145,兑换积分清零,indicates,E0011,冒充通信诈骗,weight=strong;type=Utterance
E0011,冒充通信诈骗,confusable_with,E0008,冒充银行诈骗,
E0008,冒充银行诈骗,confusable_with,E0011,冒充通信诈骗,
E0012,虚假征信诈骗,belongs_to_group,E0001,权威压迫型,
E0012,虚假征信诈骗,has_entity,E0146,开通过校园贷,slot=你的问题;type=Utterance
E0012,虚假征信诈骗,has_entity,E0147,有助学贷未还清,slot=你的问题;type=Utterance
E0012,虚假征信诈骗,has_entity,E0148,身份信息被盗用注册网贷,slot=你的问题;type=Utterance
E0012,虚假征信诈骗,has_entity,E0149,征信有异常记录,slot=你的问题;type=Utterance
E0012,虚假征信诈骗,has_entity,E0150,注销,slot=操作;type=Action
E0012,虚假征信诈骗,has_entity,E0151,转账修复,slot=操作;type=Action
E0012,虚假征信诈骗,has_entity,E0152,借款再转入清查账户,slot=操作;type=Action
E0012,虚假征信诈骗,has_entity,E0153,刷流水,slot=操作;type=Action
E0012,虚假征信诈骗,has_entity,E0154,征信,slot=后果;type=Keyword
E0012,虚假征信诈骗,has_entity,E0155,贷款买房买车,slot=后果;type=Utterance
E0012,虚假征信诈骗,has_entity,E0156,毕业,slot=后果;type=Keyword
E0012,虚假征信诈骗,has_entity,E0157,个人信用,slot=后果;type=Phrase
E0158,助学贷未还清,indicates,E0012,虚假征信诈骗,weight=strong;type=Utterance
E0159,注销校园贷,indicates,E0012,虚假征信诈骗,weight=strong;type=Phrase
E0160,修复征信,indicates,E0012,虚假征信诈骗,weight=strong;type=Phrase
E0161,银保监会,indicates,E0012,虚假征信诈骗,weight=strong;type=Phrase
E0012,虚假征信诈骗,confusable_with,E0026,网络贷款诈骗,
E0026,网络贷款诈骗,confusable_with,E0012,虚假征信诈骗,
E0013,冒充ETC诈骗,belongs_to_group,E0001,权威压迫型,
E0013,冒充ETC诈骗,has_entity,E0162,已失效,slot=问题;type=Phrase
E0013,冒充ETC诈骗,has_entity,E0163,已过期,slot=问题;type=Phrase
E0013,冒充ETC诈骗,has_entity,E0164,卡内余额不足,slot=问题;type=Utterance
E0013,冒充ETC诈骗,has_entity,E0165,设备需升级,slot=问题;type=Phrase
E0013,冒充ETC诈骗,has_entity,E0166,绑定的银行卡过期,slot=问题;type=Utterance
E0013,冒充ETC诈骗,has_entity,E0167,登录认证,slot=操作;type=Action
E0013,冒充ETC诈骗,has_entity,E0168,补缴,slot=操作;type=Action
E0013,冒充ETC诈骗,has_entity,E0064,下载APP,slot=操作;type=Action
E0013,冒充ETC诈骗,has_entity,E0169,充值,slot=操作;type=Action
E0013,冒充ETC诈骗,has_entity,E0170,换新卡,slot=操作;type=Action
E0013,冒充ETC诈骗,has_entity,E0171,无法上高速,slot=后果;type=Phrase
E0013,冒充ETC诈骗,has_entity,E0172,被停用,slot=后果;type=Phrase
E0013,冒充ETC诈骗,has_entity,E0173,产生滞纳金,slot=后果;type=Phrase
E0013,冒充ETC诈骗,has_entity,E0174,被拦截,slot=后果;type=Phrase
E0175,失效,indicates,E0013,冒充ETC诈骗,weight=strong;type=Keyword
E0116,滞纳金,indicates,E0013,冒充ETC诈骗,weight=strong;type=Phrase
E0176,绑卡,indicates,E0013,冒充ETC诈骗,weight=strong;type=Keyword
E0014,医保诈骗,belongs_to_group,E0001,权威压迫型,
E0014,医保诈骗,has_entity,E0177,在外地盗刷,slot=异常/福利;type=Phrase
E0014,医保诈骗,has_entity,E0178,被暂停使用,slot=异常/福利;type=Phrase
E0014,医保诈骗,has_entity,E0179,补贴未领,slot=异常/福利;type=Phrase
E0014,医保诈骗,has_entity,E0180,报销未取,slot=异常/福利;type=Phrase
E0014,医保诈骗,has_entity,E0181,异常冻结,slot=异常/福利;type=Phrase
E0014,医保诈骗,has_entity,E0182,配合核查,slot=操作;type=Action
E0014,医保诈骗,has_entity,E0183,在线激活,slot=操作;type=Action
E0014,医保诈骗,has_entity,E0184,点击链接领取,slot=操作;type=Action
E0014,医保诈骗,has_entity,E0185,提供账户信息,slot=操作;type=Action
E0099,盗刷,indicates,E0014,医保诈骗,weight=strong;type=Keyword
E0186,激活,indicates,E0014,医保诈骗,weight=strong;type=Keyword
E0187,黑名单,indicates,E0014,医保诈骗,weight=strong;type=Phrase
E0188,个人账户,indicates,E0014,医保诈骗,weight=strong;type=Phrase
E0189,暂停,indicates,E0014,医保诈骗,weight=strong;type=Keyword
E0190,您的疫苗接种记录,indicates,E0014,医保诈骗,weight=strong;type=Utterance
E0191,被冒用,indicates,E0014,医保诈骗,weight=strong;type=Phrase
E0192,在外地被刷,indicates,E0014,医保诈骗,weight=strong;type=Phrase
E0193,社保卡被冻结,indicates,E0014,医保诈骗,weight=strong;type=Utterance
E0194,医保卡异常,indicates,E0014,医保诈骗,weight=strong;type=Phrase
E0014,医保诈骗,confusable_with,E0015,补贴诈骗,
E0015,补贴诈骗,confusable_with,E0014,医保诈骗,
E0015,补贴诈骗,belongs_to_group,E0001,权威压迫型,
E0015,补贴诈骗,has_entity,E0195,人社局,slot=部门;type=Brand
E0015,补贴诈骗,has_entity,E0196,财政局,slot=部门;type=Brand
E0015,补贴诈骗,has_entity,E0197,社区,slot=部门;type=Brand
E0015,补贴诈骗,has_entity,E0198,国家政务平台,slot=部门;type=Brand
E0015,补贴诈骗,has_entity,E0199,社保补贴,slot=补贴类型;type=Phrase
E0015,补贴诈骗,has_entity,E0200,疫情补助,slot=补贴类型;type=Phrase
E0015,补贴诈骗,has_entity,E0201,生育补贴,slot=补贴类型;type=Phrase
E0015,补贴诈骗,has_entity,E0202,扶贫资金,slot=补贴类型;type=Phrase
E0015,补贴诈骗,has_entity,E0203,住房补贴,slot=补贴类型;type=Phrase
E0015,补贴诈骗,has_entity,E0204,点击链接,slot=操作;type=Action
E0015,补贴诈骗,has_entity,E0205,提供银行卡,slot=操作;type=Action
E0015,补贴诈骗,has_entity,E0206,在线办理,slot=操作;type=Action
E0207,扶贫,indicates,E0015,补贴诈骗,weight=strong;type=Keyword
E0196,财政局,indicates,E0015,补贴诈骗,weight=strong;type=Phrase
E0015,补贴诈骗,confusable_with,E0023,中奖诈骗,
E0023,中奖诈骗,confusable_with,E0015,补贴诈骗,
E0016,杀猪盘诈骗,belongs_to_group,E0002,情感诱导型,
E0016,杀猪盘诈骗,has_entity,E0208,宝贝,slot=亲密称呼;type=Utterance
E0016,杀猪盘诈骗,has_entity,E0209,姐,slot=亲密称呼;type=Utterance
E0016,杀猪盘诈骗,has_entity,E0210,亲爱的,slot=亲密称呼;type=Utterance
E0016,杀猪盘诈骗,has_entity,E0211,哥,slot=亲密称呼;type=Utterance
E0016,杀猪盘诈骗,has_entity,E0212,我在用手机赚外快,slot=赚钱话题;type=Utterance
E0016,杀猪盘诈骗,has_entity,E0213,发现平台漏洞,slot=赚钱话题;type=Utterance
E0016,杀猪盘诈骗,has_entity,E0214,有内部消息,slot=赚钱话题;type=Utterance
E0016,杀猪盘诈骗,has_entity,E0215,推荐养老理财产品,slot=赚钱话题;type=Utterance
E0016,杀猪盘诈骗,has_entity,E0216,跟着我操作,slot=诱导方式;type=Utterance
E0016,杀猪盘诈骗,has_entity,E0217,先小额试试,slot=诱导方式;type=Utterance
E0016,杀猪盘诈骗,has_entity,E0218,每个月固定收益,slot=诱导方式;type=Utterance
E0016,杀猪盘诈骗,has_entity,E0219,绝对安全,slot=诱导方式;type=Utterance
E0016,杀猪盘诈骗,has_entity,E0220,考虑下我们的未来,slot=感情铺垫;type=Utterance
E0016,杀猪盘诈骗,has_entity,E0221,一起努力赚钱买房,slot=感情铺垫;type=Utterance
E0016,杀猪盘诈骗,has_entity,E0222,带你赚够结婚的钱,slot=感情铺垫;type=Utterance
E0016,杀猪盘诈骗,has_entity,E0223,有急事,slot=紧急情况;type=Utterance
E0016,杀猪盘诈骗,has_entity,E0224,把这个处理掉,slot=紧急情况;type=Utterance
E0016,杀猪盘诈骗,has_entity,E0225,不能被发现,slot=紧急情况;type=Utterance
E0226,稳赚,indicates,E0016,杀猪盘诈骗,weight=strong;type=Keyword
E0212,我在用手机赚外快,indicates,E0016,杀猪盘诈骗,weight=strong;type=Utterance
E0227,借钱凑首付,indicates,E0016,杀猪盘诈骗,weight=strong;type=Phrase
E0228,成为VIP会员,indicates,E0016,杀猪盘诈骗,weight=strong;type=Utterance
E0229,我不方便接电话,indicates,E0016,杀猪盘诈骗,weight=strong;type=Utterance
E0230,有紧急事情,indicates,E0016,杀猪盘诈骗,weight=strong;type=Phrase
E0217,先小额试试,indicates,E0016,杀猪盘诈骗,weight=strong;type=Phrase
E0231,先把钱转给我,indicates,E0016,杀猪盘诈骗,weight=strong;type=Utterance
E0232,高额回报,indicates,E0016,杀猪盘诈骗,weight=strong;type=Phrase
E0233,投一百万,indicates,E0016,杀猪盘诈骗,weight=strong;type=Phrase
E0234,理财软件,indicates,E0016,杀猪盘诈骗,weight=strong;type=Phrase
E0016,杀猪盘诈骗,confusable_with,E0022,虚假投资理财诈骗,
E0022,虚假投资理财诈骗,confusable_with,E0016,杀猪盘诈骗,
E0016,杀猪盘诈骗,confusable_with,E0024,网络赌博诈骗,
E0024,网络赌博诈骗,confusable_with,E0016,杀猪盘诈骗,
E0017,裸聊敲诈,belongs_to_group,E0002,情感诱导型,
E0017,裸聊敲诈,has_entity,E0235,小哥哥裸聊吗,slot=开场诱骗;type=Utterance
E0017,裸聊敲诈,has_entity,E0236,下载这个直播软件可以和我视频互动,slot=开场诱骗;type=Utterance
E0017,裸聊敲诈,has_entity,E0237,你的裸聊视频已经录下来了,slot=你有的东西在我手上;type=Utterance
E0017,裸聊敲诈,has_entity,E0238,通讯录都在我们手上,slot=你有的东西在我手上;type=Utterance
E0017,裸聊敲诈,has_entity,E0239,家人已收到彩信,slot=你有的东西在我手上;type=Utterance
E0017,裸聊敲诈,has_entity,E0240,发给你通讯录好友,slot=威胁后果;type=Utterance
E0017,裸聊敲诈,has_entity,E0241,让你身败名裂,slot=威胁后果;type=Utterance
E0017,裸聊敲诈,has_entity,E0242,发到网上,slot=威胁后果;type=Utterance
E0017,裸聊敲诈,has_entity,E0243,发给家人,slot=威胁后果;type=Utterance
E0017,裸聊敲诈,has_entity,E0244,转钱就删视频,slot=转钱就删;type=Utterance
E0017,裸聊敲诈,has_entity,E0245,支付删除费,slot=转钱就删;type=Phrase
E0017,裸聊敲诈,has_entity,E0246,转2000元安抚费,slot=转钱就删;type=Utterance
E0017,裸聊敲诈,has_entity,E0247,付费清记录,slot=转钱就删;type=Phrase
E0017,裸聊敲诈,has_entity,E0248,最后一次机会,slot=Deadline施压;type=Utterance
E0017,裸聊敲诈,has_entity,E0249,半小时内,slot=Deadline施压;type=Phrase
E0017,裸聊敲诈,has_entity,E0250,最后十分钟,slot=Deadline施压;type=Phrase
E0017,裸聊敲诈,has_entity,E0251,系统自动处理,slot=专业包装;type=Utterance
E0017,裸聊敲诈,has_entity,E0252,我们是专业的,slot=专业包装;type=Utterance
E0017,裸聊敲诈,has_entity,E0253,自动删除,slot=专业包装;type=Phrase
E0017,裸聊敲诈,has_entity,E0254,钱到账视频就删,slot=专业包装;type=Utterance
E0255,裸聊,indicates,E0017,裸聊敲诈,weight=strong;type=Keyword
E0256,通讯录,indicates,E0017,裸聊敲诈,weight=strong;type=Phrase
E0257,转钱,indicates,E0017,裸聊敲诈,weight=strong;type=Keyword
E0258,最后一次,indicates,E0017,裸聊敲诈,weight=strong;type=Phrase
E0259,发出去,indicates,E0017,裸聊敲诈,weight=strong;type=Phrase
E0260,身败名裂,indicates,E0017,裸聊敲诈,weight=strong;type=Phrase
E0261,你家里,indicates,E0017,裸聊敲诈,weight=strong;type=Phrase
E0262,最后的机会,indicates,E0017,裸聊敲诈,weight=strong;type=Phrase
E0263,后果自负,indicates,E0017,裸聊敲诈,weight=strong;type=Phrase
E0018,色情诈骗,belongs_to_group,E0002,情感诱导型,
E0018,色情诈骗,has_entity,E0264,小哥哥,slot=服务提供方;type=Phrase
E0018,色情诈骗,has_entity,E0265,空姐,slot=服务提供方;type=Keyword
E0018,色情诈骗,has_entity,E0266,小姐,slot=服务提供方;type=Keyword
E0018,色情诈骗,has_entity,E0267,妹纸,slot=服务提供方;type=Keyword
E0018,色情诈骗,has_entity,E0268,同城交友,slot=服务提供方;type=Phrase
E0018,色情诈骗,has_entity,E0269,小姐姐,slot=服务提供方;type=Phrase
E0018,色情诈骗,has_entity,E0270,上门服务,slot=服务类型;type=Phrase
E0018,色情诈骗,has_entity,E0271,兼职,slot=服务类型;type=Keyword
E0018,色情诈骗,has_entity,E0272,模特,slot=服务类型;type=Keyword
E0018,色情诈骗,has_entity,E0273,交友,slot=服务类型;type=Keyword
E0018,色情诈骗,has_entity,E0274,先付定金,slot=先付XX;type=Action
E0018,色情诈骗,has_entity,E0275,充会员卡,slot=先付XX;type=Action
E0018,色情诈骗,has_entity,E0276,支付安全保障费,slot=先付XX;type=Action
E0018,色情诈骗,has_entity,E0277,先付车费,slot=先付XX;type=Action
E0270,上门服务,indicates,E0018,色情诈骗,weight=medium;type=Phrase
E0274,先付定金,indicates,E0018,色情诈骗,weight=strong;type=Phrase
E0275,充会员卡,indicates,E0018,色情诈骗,weight=strong;type=Phrase
E0278,安全保障费,indicates,E0018,色情诈骗,weight=strong;type=Phrase
E0268,同城交友,indicates,E0018,色情诈骗,weight=strong;type=Phrase
E0266,小姐,indicates,E0018,色情诈骗,weight=strong;type=Keyword
E0265,空姐,indicates,E0018,色情诈骗,weight=strong;type=Keyword
E0019,冒充亲友诈骗,belongs_to_group,E0002,情感诱导型,
E0019,冒充亲友诈骗,has_entity,E0279,奶奶,slot=亲属称呼;type=Utterance
E0019,冒充亲友诈骗,has_entity,E0280,爸,slot=亲属称呼;type=Utterance
E0019,冒充亲友诈骗,has_entity,E0281,妈,slot=亲属称呼;type=Utterance
E0019,冒充亲友诈骗,has_entity,E0282,姑,slot=亲属称呼;type=Utterance
E0019,冒充亲友诈骗,has_entity,E0283,你侄子,slot=亲属称呼;type=Utterance
E0019,冒充亲友诈骗,has_entity,E0284,把人打伤了,slot=紧急事故;type=Utterance
E0019,冒充亲友诈骗,has_entity,E0285,开车撞到人了,slot=紧急事故;type=Utterance
E0019,冒充亲友诈骗,has_entity,E0286,住院了,slot=紧急事故;type=Utterance
E0019,冒充亲友诈骗,has_entity,E0287,在派出所,slot=紧急事故;type=Utterance
E0019,冒充亲友诈骗,has_entity,E0288,车祸,slot=紧急事故;type=Utterance
E0019,冒充亲友诈骗,has_entity,E0289,突发疾病,slot=紧急事故;type=Utterance
E0019,冒充亲友诈骗,has_entity,E0290,转三万,slot=急需要钱;type=Phrase
E0019,冒充亲友诈骗,has_entity,E0291,需要五万,slot=急需要钱;type=Phrase
E0019,冒充亲友诈骗,has_entity,E0292,转点钱急用,slot=急需要钱;type=Phrase
E0019,冒充亲友诈骗,has_entity,E0293,快给我转钱,slot=急需要钱;type=Phrase
E0019,冒充亲友诈骗,has_entity,E0294,别告诉我妈,slot=别告诉XX;type=Phrase
E0019,冒充亲友诈骗,has_entity,E0295,用备用机打的,slot=别告诉XX;type=Utterance
E0019,冒充亲友诈骗,has_entity,E0296,手机坏了,slot=别告诉XX;type=Phrase
E0297,备用机,indicates,E0019,冒充亲友诈骗,weight=strong;type=Phrase
E0294,别告诉我妈,indicates,E0019,冒充亲友诈骗,weight=strong;type=Phrase
E0298,这是我小号,indicates,E0019,冒充亲友诈骗,weight=strong;type=Phrase
E0299,在外面出事了,indicates,E0019,冒充亲友诈骗,weight=strong;type=Utterance
E0287,在派出所,indicates,E0019,冒充亲友诈骗,weight=strong;type=Phrase
E0300,私了,indicates,E0019,冒充亲友诈骗,weight=strong;type=Keyword
E0301,手头转,indicates,E0019,冒充亲友诈骗,weight=strong;type=Phrase
E0019,冒充亲友诈骗,confusable_with,E0020,冒充领导诈骗,
E0020,冒充领导诈骗,confusable_with,E0019,冒充亲友诈骗,
E0020,冒充领导诈骗,belongs_to_group,E0002,情感诱导型,
E0020,冒充领导诈骗,has_entity,E0302,明天来我办公室一趟,slot=命令式开头;type=Utterance
E0020,冒充领导诈骗,has_entity,E0303,小张你现在方便吗,slot=命令式开头;type=Utterance
E0020,冒充领导诈骗,has_entity,E0304,我在开会不方便讲话,slot=命令式开头;type=Utterance
E0020,冒充领导诈骗,has_entity,E0305,给甲方打点一下,slot=需要钱/信息;type=Utterance
E0020,冒充领导诈骗,has_entity,E0306,出差临时缺钱,slot=需要钱/信息;type=Utterance
E0020,冒充领导诈骗,has_entity,E0307,余额截图发给我,slot=需要钱/信息;type=Utterance
E0020,冒充领导诈骗,has_entity,E0308,帮你垫一笔,slot=需要钱/信息;type=Phrase
E0020,冒充领导诈骗,has_entity,E0309,我是你领导,slot=身份伪装;type=Utterance
E0020,冒充领导诈骗,has_entity,E0310,换号码了,slot=身份伪装;type=Utterance
E0020,冒充领导诈骗,has_entity,E0298,这是我小号,slot=身份伪装;type=Utterance
E0020,冒充领导诈骗,has_entity,E0311,原来的号别用了,slot=身份伪装;type=Utterance
E0020,冒充领导诈骗,has_entity,E0312,事关重大,slot=紧急事务;type=Utterance
E0020,冒充领导诈骗,has_entity,E0313,处理完之前别跟任何人提,slot=紧急事务;type=Utterance
E0314,垫一下,indicates,E0020,冒充领导诈骗,weight=strong;type=Phrase
E0306,出差临时缺钱,indicates,E0020,冒充领导诈骗,weight=strong;type=Utterance
E0312,事关重大,indicates,E0020,冒充领导诈骗,weight=strong;type=Phrase
E0315,用你账户转一下,indicates,E0020,冒充领导诈骗,weight=strong;type=Utterance
E0316,急需资金周转,indicates,E0020,冒充领导诈骗,weight=strong;type=Utterance
E0021,兼职刷单诈骗,belongs_to_group,E0003,利益诱惑型,
E0021,兼职刷单诈骗,has_entity,E0317,宝妈,slot=身份定位;type=Utterance
E0021,兼职刷单诈骗,has_entity,E0318,学生,slot=身份定位;type=Utterance
E0021,兼职刷单诈骗,has_entity,E0319,在家就能做,slot=身份定位;type=Utterance
E0021,兼职刷单诈骗,has_entity,E0320,日赚200,slot=收益诱惑;type=Phrase
E0021,兼职刷单诈骗,has_entity,E0321,日入300,slot=收益诱惑;type=Phrase
E0021,兼职刷单诈骗,has_entity,E0322,一单返5元,slot=收益诱惑;type=Phrase
E0021,兼职刷单诈骗,has_entity,E0323,首单立返10元,slot=收益诱惑;type=Utterance
E0021,兼职刷单诈骗,has_entity,E0324,佣金翻倍,slot=收益诱惑;type=Phrase
E0021,兼职刷单诈骗,has_entity,E0325,只需手机,slot=零门槛;type=Phrase
E0021,兼职刷单诈骗,has_entity,E0326,零垫付,slot=零门槛;type=Phrase
E0021,兼职刷单诈骗,has_entity,E0327,只要会截图,slot=零门槛;type=Phrase
E0021,兼职刷单诈骗,has_entity,E0328,包教包会,slot=零门槛;type=Phrase
E0021,兼职刷单诈骗,has_entity,E0329,垫付1000返还1300,slot=先垫后返;type=Utterance
E0021,兼职刷单诈骗,has_entity,E0330,做满3单提现,slot=先垫后返;type=Utterance
E0021,兼职刷单诈骗,has_entity,E0331,做联单任务,slot=先垫后返;type=Phrase
E0021,兼职刷单诈骗,has_entity,E0332,只有3个名额,slot=稀缺性;type=Utterance
E0021,兼职刷单诈骗,has_entity,E0333,最后两个位置,slot=稀缺性;type=Utterance
E0021,兼职刷单诈骗,has_entity,E0334,超时不候,slot=限时;type=Phrase
E0021,兼职刷单诈骗,has_entity,E0335,限时1小时,slot=限时;type=Phrase
E0021,兼职刷单诈骗,has_entity,E0336,活动日最后一天,slot=限时;type=Utterance
E0021,兼职刷单诈骗,has_entity,E0337,下载我们的APP,slot=下载APP;type=Utterance
E0021,兼职刷单诈骗,has_entity,E0338,扫码进群,slot=下载APP;type=Phrase
E0339,刷单,indicates,E0021,兼职刷单诈骗,weight=strong;type=Keyword
E0340,返利,indicates,E0021,兼职刷单诈骗,weight=strong;type=Keyword
E0341,佣金,indicates,E0021,兼职刷单诈骗,weight=strong;type=Keyword
E0342,垫付,indicates,E0021,兼职刷单诈骗,weight=strong;type=Keyword
E0343,系统检测到违规,indicates,E0021,兼职刷单诈骗,weight=strong;type=Utterance
E0344,多劳多得,indicates,E0021,兼职刷单诈骗,weight=strong;type=Phrase
E0022,虚假投资理财诈骗,belongs_to_group,E0003,利益诱惑型,
E0022,虚假投资理财诈骗,has_entity,E0345,私募通道,slot=渠道;type=Phrase
E0022,虚假投资理财诈骗,has_entity,E0346,央行批复项目,slot=渠道;type=Utterance
E0022,虚假投资理财诈骗,has_entity,E0347,数字人民币试点,slot=渠道;type=Utterance
E0022,虚假投资理财诈骗,has_entity,E0348,内部消息,slot=渠道;type=Phrase
E0022,虚假投资理财诈骗,has_entity,E0349,稳赚不赔,slot=高回报;type=Phrase
E0022,虚假投资理财诈骗,has_entity,E0350,每天都能赚,slot=高回报;type=Phrase
E0022,虚假投资理财诈骗,has_entity,E0351,收益翻倍,slot=高回报;type=Phrase
E0022,虚假投资理财诈骗,has_entity,E0352,保本保息,slot=高回报;type=Phrase
E0022,虚假投资理财诈骗,has_entity,E0353,起投一千,slot=门槛/稀缺;type=Phrase
E0022,虚假投资理财诈骗,has_entity,E0354,限今日,slot=门槛/稀缺;type=Phrase
E0022,虚假投资理财诈骗,has_entity,E0355,只针对VIP,slot=门槛/稀缺;type=Utterance
E0022,虚假投资理财诈骗,has_entity,E0356,错过就没了,slot=门槛/稀缺;type=Phrase
E0022,虚假投资理财诈骗,has_entity,E0357,账户被冻结,slot=账户异常;type=Phrase
E0022,虚假投资理财诈骗,has_entity,E0358,流水不够,slot=账户异常;type=Phrase
E0022,虚假投资理财诈骗,has_entity,E0359,需要补税,slot=账户异常;type=Phrase
E0022,虚假投资理财诈骗,has_entity,E0360,缴纳解冻费,slot=需充值/缴税;type=Action
E0022,虚假投资理财诈骗,has_entity,E0361,再充值一笔,slot=需充值/缴税;type=Action
E0022,虚假投资理财诈骗,has_entity,E0362,补缴个人所得税,slot=需充值/缴税;type=Action
E0022,虚假投资理财诈骗,has_entity,E0363,补齐流水,slot=需充值/缴税;type=Action
E0364,原始股,indicates,E0022,虚假投资理财诈骗,weight=strong;type=Phrase
E0365,涨停板,indicates,E0022,虚假投资理财诈骗,weight=strong;type=Phrase
E0352,保本保息,indicates,E0022,虚假投资理财诈骗,weight=strong;type=Phrase
E0366,先投入一笔,indicates,E0022,虚假投资理财诈骗,weight=strong;type=Phrase
E0102,账户异常,indicates,E0022,虚假投资理财诈骗,weight=medium;type=Phrase
E0367,今天行情好,indicates,E0022,虚假投资理财诈骗,weight=strong;type=Phrase
E0368,群里所有人都赚了,indicates,E0022,虚假投资理财诈骗,weight=strong;type=Utterance
E0369,原始股配额,indicates,E0022,虚假投资理财诈骗,weight=strong;type=Phrase
E0370,内部认购,indicates,E0022,虚假投资理财诈骗,weight=strong;type=Phrase
E0371,稳赚项目,indicates,E0022,虚假投资理财诈骗,weight=strong;type=Phrase
E0372,内幕消息,indicates,E0022,虚假投资理财诈骗,weight=strong;type=Phrase
E0373,数字人民币,indicates,E0022,虚假投资理财诈骗,weight=strong;type=Phrase
E0023,中奖诈骗,belongs_to_group,E0003,利益诱惑型,
E0023,中奖诈骗,has_entity,E0374,中央电视台,slot=节目/平台;type=Brand
E0023,中奖诈骗,has_entity,E0375,非常六加一,slot=节目/平台;type=Brand
E0023,中奖诈骗,has_entity,E0376,我是歌手,slot=节目/平台;type=Brand
E0023,中奖诈骗,has_entity,E0377,热门综艺,slot=节目/平台;type=Brand
E0023,中奖诈骗,has_entity,E0378,官方平台,slot=节目/平台;type=Brand
E0023,中奖诈骗,has_entity,E0379,本栏目,slot=节目/平台;type=Brand
E0023,中奖诈骗,has_entity,E0380,二等奖,slot=奖品/奖金;type=Phrase
E0023,中奖诈骗,has_entity,E0381,奖金八万,slot=奖品/奖金;type=Phrase
E0023,中奖诈骗,has_entity,E0382,十万现金,slot=奖品/奖金;type=Phrase
E0023,中奖诈骗,has_entity,E0383,智能手机,slot=奖品/奖金;type=Phrase
E0023,中奖诈骗,has_entity,E0384,金牌VIP,slot=奖品/奖金;type=Phrase
E0023,中奖诈骗,has_entity,E0385,先交个人所得税,slot=先付XX才能领;type=Utterance
E0023,中奖诈骗,has_entity,E0386,缴纳保证金,slot=先付XX才能领;type=Phrase
E0023,中奖诈骗,has_entity,E0387,支付手续费,slot=先付XX才能领;type=Phrase
E0023,中奖诈骗,has_entity,E0388,公证费,slot=先付XX才能领;type=Phrase
E0023,中奖诈骗,has_entity,E0389,幸运用户,slot=你被选为;type=Phrase
E0023,中奖诈骗,has_entity,E0390,幸运客户,slot=你被选为;type=Phrase
E0023,中奖诈骗,has_entity,E0391,内测用户,slot=你被选为;type=Phrase
E0023,中奖诈骗,has_entity,E0392,VIP种子,slot=你被选为;type=Phrase
E0023,中奖诈骗,has_entity,E0393,忠实粉丝,slot=你被选为;type=Phrase
E0394,保证金,indicates,E0023,中奖诈骗,weight=strong;type=Phrase
E0388,公证费,indicates,E0023,中奖诈骗,weight=strong;type=Phrase
E0395,恭喜您中奖,indicates,E0023,中奖诈骗,weight=strong;type=Phrase
E0396,缴纳税费,indicates,E0023,中奖诈骗,weight=strong;type=Phrase
E0024,网络赌博诈骗,belongs_to_group,E0003,利益诱惑型,
E0024,网络赌博诈骗,has_entity,E0397,某平台,slot=平台/老师;type=Brand
E0024,网络赌博诈骗,has_entity,E0398,内部渠道,slot=平台/老师;type=Brand
E0024,网络赌博诈骗,has_entity,E0399,分析师,slot=平台/老师;type=Brand
E0024,网络赌博诈骗,has_entity,E0400,老师,slot=平台/老师;type=Brand
E0024,网络赌博诈骗,has_entity,E0401,精准预测,slot=预测/内幕;type=Phrase
E0024,网络赌博诈骗,has_entity,E0402,AI大数据,slot=预测/内幕;type=Phrase
E0024,网络赌博诈骗,has_entity,E0403,独家内幕,slot=预测/内幕;type=Phrase
E0024,网络赌博诈骗,has_entity,E0404,独家分析,slot=预测/内幕;type=Phrase
E0024,网络赌博诈骗,has_entity,E0405,返水30%,slot=高回报;type=Phrase
E0024,网络赌博诈骗,has_entity,E0406,回报率200%,slot=高回报;type=Utterance
E0024,网络赌博诈骗,has_entity,E0407,翻倍赢回,slot=高回报;type=Phrase
E0024,网络赌博诈骗,has_entity,E0408,趁现在,slot=催促;type=Phrase
E0024,网络赌博诈骗,has_entity,E0409,限时,slot=催促;type=Keyword
E0024,网络赌博诈骗,has_entity,E0410,错过今晚就没了,slot=催促;type=Utterance
E0024,网络赌博诈骗,has_entity,E0411,就这十分钟,slot=催促;type=Phrase
E0412,再贷一笔,indicates,E0024,网络赌博诈骗,weight=strong;type=Phrase
E0413,注册就送,indicates,E0024,网络赌博诈骗,weight=strong;type=Phrase
E0414,导师带单,indicates,E0024,网络赌博诈骗,weight=strong;type=Phrase
E0415,平台有漏洞,indicates,E0024,网络赌博诈骗,weight=strong;type=Phrase
E0416,账户违规,indicates,E0024,网络赌博诈骗,weight=strong;type=Phrase
E0417,必赢,indicates,E0024,网络赌博诈骗,weight=strong;type=Keyword
E0024,网络赌博诈骗,confusable_with,E0022,虚假投资理财诈骗,
E0022,虚假投资理财诈骗,confusable_with,E0024,网络赌博诈骗,
E0025,游戏诈骗,belongs_to_group,E0003,利益诱惑型,
E0025,游戏诈骗,has_entity,E0418,低价,slot=低价/免费;type=Keyword
E0025,游戏诈骗,has_entity,E0419,免费,slot=低价/免费;type=Keyword
E0025,游戏诈骗,has_entity,E0420,折扣,slot=低价/免费;type=Keyword
E0025,游戏诈骗,has_entity,E0421,特价,slot=低价/免费;type=Keyword
E0025,游戏诈骗,has_entity,E0422,装备,slot=游戏物品;type=Keyword
E0025,游戏诈骗,has_entity,E0423,皮肤,slot=游戏物品;type=Keyword
E0025,游戏诈骗,has_entity,E0424,点券,slot=游戏物品;type=Keyword
E0025,游戏诈骗,has_entity,E0425,会员,slot=游戏物品;type=Keyword
E0025,游戏诈骗,has_entity,E0426,道具,slot=游戏物品;type=Keyword
E0025,游戏诈骗,has_entity,E0427,游戏币,slot=游戏物品;type=Phrase
E0025,游戏诈骗,has_entity,E0428,扫码支付,slot=非官方渠道;type=Action
E0025,游戏诈骗,has_entity,E0429,加微信,slot=非官方渠道;type=Action
E0025,游戏诈骗,has_entity,E0430,私聊,slot=非官方渠道;type=Action
E0025,游戏诈骗,has_entity,E0431,别走平台,slot=非官方渠道;type=Action
E0025,游戏诈骗,has_entity,E0274,先付定金,slot=先付XX;type=Action
E0025,游戏诈骗,has_entity,E0432,先转钱,slot=先付XX;type=Action
E0025,游戏诈骗,has_entity,E0433,点链接付款,slot=先付XX;type=Action
E0025,游戏诈骗,has_entity,E0434,扫二维码,slot=先付XX;type=Action
E0025,游戏诈骗,has_entity,E0435,被锁定,slot=异常;type=Phrase
E0025,游戏诈骗,has_entity,E0436,装备未到账,slot=异常;type=Phrase
E0025,游戏诈骗,has_entity,E0437,订单异常,slot=异常;type=Phrase
E0025,游戏诈骗,has_entity,E0438,需要激活,slot=异常;type=Phrase
E0025,游戏诈骗,has_entity,E0439,被举报,slot=异常;type=Phrase
E0440,装备交易诈骗,indicates,E0025,游戏诈骗,weight=strong;type=Utterance
E0441,账号被封,indicates,E0025,游戏诈骗,weight=strong;type=Phrase
E0026,网络贷款诈骗,belongs_to_group,E0003,利益诱惑型,
E0026,网络贷款诈骗,has_entity,E0442,无抵押,slot=低门槛;type=Phrase
E0026,网络贷款诈骗,has_entity,E0443,无担保,slot=低门槛;type=Phrase
E0026,网络贷款诈骗,has_entity,E0444,不查征信,slot=低门槛;type=Phrase
E0026,网络贷款诈骗,has_entity,E0445,只要身份证,slot=低门槛;type=Phrase
E0026,网络贷款诈骗,has_entity,E0446,最高50万,slot=高额度;type=Phrase
E0026,网络贷款诈骗,has_entity,E0447,大额贷款,slot=高额度;type=Phrase
E0026,网络贷款诈骗,has_entity,E0448,二十万备用金,slot=高额度;type=Utterance
E0026,网络贷款诈骗,has_entity,E0449,30万额度,slot=高额度;type=Phrase
E0026,网络贷款诈骗,has_entity,E0450,秒到账,slot=秒到账;type=Phrase
E0026,网络贷款诈骗,has_entity,E0451,当日下款,slot=秒到账;type=Phrase
E0026,网络贷款诈骗,has_entity,E0452,马上放款,slot=秒到账;type=Phrase
E0026,网络贷款诈骗,has_entity,E0453,先付手续费,slot=先交XX;type=Action
E0026,网络贷款诈骗,has_entity,E0360,缴纳解冻费,slot=先交XX;type=Action
E0026,网络贷款诈骗,has_entity,E0454,付保证金,slot=先交XX;type=Action
E0026,网络贷款诈骗,has_entity,E0455,购买指定商品,slot=先交XX;type=Action
E0026,网络贷款诈骗,has_entity,E0456,交验证金,slot=先交XX;type=Action
E0026,网络贷款诈骗,has_entity,E0457,银行卡号错误导致冻结,slot=被冻结/异常;type=Utterance
E0026,网络贷款诈骗,has_entity,E0458,流水不足,slot=被冻结/异常;type=Phrase
E0026,网络贷款诈骗,has_entity,E0459,征信评分不够,slot=被冻结/异常;type=Utterance
E0026,网络贷款诈骗,has_entity,E0102,账户异常,slot=被冻结/异常;type=Phrase
E0026,网络贷款诈骗,has_entity,E0460,审核未通过,slot=被冻结/异常;type=Phrase
E0026,网络贷款诈骗,has_entity,E0461,缴解冻费,slot=需操作;type=Action
E0026,网络贷款诈骗,has_entity,E0153,刷流水,slot=需操作;type=Action
E0026,网络贷款诈骗,has_entity,E0462,付激活费,slot=需操作;type=Action
E0026,网络贷款诈骗,has_entity,E0463,先支付验证金,slot=需操作;type=Action
E0442,无抵押,indicates,E0026,网络贷款诈骗,weight=strong;type=Phrase
E0464,解冻费,indicates,E0026,网络贷款诈骗,weight=strong;type=Phrase
E0394,保证金,indicates,E0026,网络贷款诈骗,weight=strong;type=Phrase
E0153,刷流水,indicates,E0026,网络贷款诈骗,weight=strong;type=Phrase
E0465,下载我,indicates,E0026,网络贷款诈骗,weight=strong;type=Phrase
E0466,验证金,indicates,E0026,网络贷款诈骗,weight=strong;type=Phrase
E0467,激活费,indicates,E0026,网络贷款诈骗,weight=strong;type=Phrase
E0026,网络贷款诈骗,confusable_with,E0008,冒充银行诈骗,
E0008,冒充银行诈骗,confusable_with,E0026,网络贷款诈骗,
E0027,冒充网购客服诈骗,belongs_to_group,E0004,服务伪装型,
E0027,冒充网购客服诈骗,has_entity,E0468,丢失,slot=出问题;type=Keyword
E0027,冒充网购客服诈骗,has_entity,E0469,质量问题,slot=出问题;type=Phrase
E0027,冒充网购客服诈骗,has_entity,E0470,甲醛超标,slot=出问题;type=Phrase
E0027,冒充网购客服诈骗,has_entity,E0471,损坏,slot=出问题;type=Keyword
E0027,冒充网购客服诈骗,has_entity,E0472,被海关扣押,slot=出问题;type=Phrase
E0027,冒充网购客服诈骗,has_entity,E0473,有瑕疵,slot=出问题;type=Phrase
E0027,冒充网购客服诈骗,has_entity,E0474,发错货,slot=出问题;type=Phrase
E0027,冒充网购客服诈骗,has_entity,E0475,三倍理赔,slot=补偿;type=Phrase
E0027,冒充网购客服诈骗,has_entity,E0476,退款,slot=补偿;type=Keyword
E0027,冒充网购客服诈骗,has_entity,E0477,赔钱,slot=补偿;type=Keyword
E0027,冒充网购客服诈骗,has_entity,E0478,主动退货,slot=补偿;type=Phrase
E0027,冒充网购客服诈骗,has_entity,E0479,加客服QQ,slot=需要你操作;type=Action
E0027,冒充网购客服诈骗,has_entity,E0480,打开屏幕共享,slot=需要你操作;type=Action
E0027,冒充网购客服诈骗,has_entity,E0481,填银行卡信息,slot=需要你操作;type=Action
E0027,冒充网购客服诈骗,has_entity,E0482,先转账验证,slot=需要你操作;type=Action
E0027,冒充网购客服诈骗,has_entity,E0483,远程操作,slot=需要你操作;type=Action
E0027,冒充网购客服诈骗,has_entity,E0064,下载APP,slot=需要你操作;type=Action
E0027,冒充网购客服诈骗,has_entity,E0484,误将你开通了VIP,slot=误操作;type=Utterance
E0027,冒充网购客服诈骗,has_entity,E0485,不小心设置了代理商,slot=误操作;type=Utterance
E0027,冒充网购客服诈骗,has_entity,E0486,系统出错,slot=误操作;type=Phrase
E0027,冒充网购客服诈骗,has_entity,E0487,后台点错,slot=误操作;type=Phrase
E0027,冒充网购客服诈骗,has_entity,E0488,每月会扣费,slot=付费服务;type=Phrase
E0027,冒充网购客服诈骗,has_entity,E0489,自动续费会员,slot=付费服务;type=Utterance
E0027,冒充网购客服诈骗,has_entity,E0490,代理商月费,slot=付费服务;type=Phrase
E0491,屏幕共享,indicates,E0027,冒充网购客服诈骗,weight=strong;type=Phrase
E0492,加QQ,indicates,E0027,冒充网购客服诈骗,weight=strong;type=Phrase
E0493,三倍,indicates,E0027,冒充网购客服诈骗,weight=strong;type=Keyword
E0494,您的订单丢失,indicates,E0027,冒充网购客服诈骗,weight=strong;type=Utterance
E0495,误将您设置为代理商,indicates,E0027,冒充网购客服诈骗,weight=strong;type=Utterance
E0357,账户被冻结,indicates,E0027,冒充网购客服诈骗,weight=strong;type=Phrase
E0496,免密支付,indicates,E0027,冒充网购客服诈骗,weight=strong;type=Phrase
E0497,关闭功能,indicates,E0027,冒充网购客服诈骗,weight=strong;type=Phrase
E0498,百万保障,indicates,E0027,冒充网购客服诈骗,weight=strong;type=Phrase
E0499,平台退款诈骗,indicates,E0027,冒充网购客服诈骗,weight=strong;type=Utterance
E0027,冒充网购客服诈骗,confusable_with,E0028,快递诈骗,
E0028,快递诈骗,confusable_with,E0027,冒充网购客服诈骗,
E0028,快递诈骗,belongs_to_group,E0004,服务伪装型,
E0028,快递诈骗,has_entity,E0500,丢件要赔偿,slot=出问题;type=Phrase
E0028,快递诈骗,has_entity,E0501,需清关费,slot=出问题;type=Phrase
E0028,快递诈骗,has_entity,E0502,检出违禁品,slot=出问题;type=Phrase
E0028,快递诈骗,has_entity,E0503,无人签收,slot=出问题;type=Phrase
E0028,快递诈骗,has_entity,E0504,被退回,slot=出问题;type=Phrase
E0028,快递诈骗,has_entity,E0505,系统升级,slot=出问题;type=Phrase
E0028,快递诈骗,has_entity,E0506,支付保管费,slot=需要付XX;type=Action
E0028,快递诈骗,has_entity,E0507,支付邮费,slot=需要付XX;type=Action
E0028,快递诈骗,has_entity,E0508,付改地址费,slot=需要付XX;type=Action
E0028,快递诈骗,has_entity,E0509,付转寄费,slot=需要付XX;type=Action
E0028,快递诈骗,has_entity,E0510,先发运费,slot=需要付XX;type=Action
E0028,快递诈骗,has_entity,E0511,免费送手机,slot=免费送礼;type=Phrase
E0028,快递诈骗,has_entity,E0512,免费送空调扇,slot=免费送礼;type=Utterance
E0028,快递诈骗,has_entity,E0513,免费送家电,slot=免费送礼;type=Phrase
E0028,快递诈骗,has_entity,E0514,只需付邮费,slot=运费;type=Phrase
E0028,快递诈骗,has_entity,E0515,付运费到付,slot=运费;type=Phrase
E0516,运费到付,indicates,E0028,快递诈骗,weight=strong;type=Phrase
E0517,清关费,indicates,E0028,快递诈骗,weight=strong;type=Phrase
E0502,检出违禁品,indicates,E0028,快递诈骗,weight=strong;type=Phrase
E0506,支付保管费,indicates,E0028,快递诈骗,weight=strong;type=Phrase
E0503,无人签收,indicates,E0028,快递诈骗,weight=strong;type=Phrase
E0518,免费送,indicates,E0028,快递诈骗,weight=strong;type=Phrase
E0519,改地址费,indicates,E0028,快递诈骗,weight=strong;type=Phrase
E0029,微信诈骗,belongs_to_group,E0004,服务伪装型,
E0029,微信诈骗,has_entity,E0520,账号异常,slot=异常/福利;type=Phrase
E0029,微信诈骗,has_entity,E0521,被限制登录,slot=异常/福利;type=Phrase
E0029,微信诈骗,has_entity,E0522,需要验证,slot=异常/福利;type=Phrase
E0029,微信诈骗,has_entity,E0523,红包封面免费领,slot=异常/福利;type=Utterance
E0029,微信诈骗,has_entity,E0524,被人举报,slot=异常/福利;type=Phrase
E0029,微信诈骗,has_entity,E0525,支付被限,slot=异常/福利;type=Phrase
E0029,微信诈骗,has_entity,E0526,点击链接解封,slot=操作;type=Action
E0029,微信诈骗,has_entity,E0527,加客服处理,slot=操作;type=Action
E0029,微信诈骗,has_entity,E0528,扫码解决,slot=操作;type=Action
E0029,微信诈骗,has_entity,E0529,回复验证码,slot=操作;type=Action
E0530,百万保障到期,indicates,E0029,微信诈骗,weight=strong;type=Utterance
E0531,自动续费,indicates,E0029,微信诈骗,weight=strong;type=Phrase
E0532,支付分,indicates,E0029,微信诈骗,weight=strong;type=Phrase
E0030,机票诈骗,belongs_to_group,E0004,服务伪装型,
E0030,机票诈骗,has_entity,E0533,取消,slot=出问题;type=Keyword
E0030,机票诈骗,has_entity,E0534,延误,slot=出问题;type=Keyword
E0030,机票诈骗,has_entity,E0535,机械故障,slot=出问题;type=Phrase
E0030,机票诈骗,has_entity,E0536,流量管控,slot=出问题;type=Phrase
E0030,机票诈骗,has_entity,E0537,改签,slot=需改签/退票;type=Action
E0030,机票诈骗,has_entity,E0538,退票,slot=需改签/退票;type=Action
E0030,机票诈骗,has_entity,E0539,领延误赔付,slot=需改签/退票;type=Action
E0030,机票诈骗,has_entity,E0540,重新预订,slot=需改签/退票;type=Action
E0030,机票诈骗,has_entity,E0541,提供银行卡号,slot=付费/提供信息;type=Action
E0030,机票诈骗,has_entity,E0542,付手续费,slot=付费/提供信息;type=Action
E0030,机票诈骗,has_entity,E0543,加微信付款出票,slot=付费/提供信息;type=Action
E0030,机票诈骗,has_entity,E0544,预订不付款,slot=付费/提供信息;type=Action
E0545,航班取消,indicates,E0030,机票诈骗,weight=strong;type=Phrase
E0535,机械故障,indicates,E0030,机票诈骗,weight=strong;type=Phrase
E0546,退票手续费,indicates,E0030,机票诈骗,weight=strong;type=Phrase
E0547,延误赔付,indicates,E0030,机票诈骗,weight=strong;type=Phrase
E0537,改签,indicates,E0030,机票诈骗,weight=strong;type=Keyword
E0548,航空公司,indicates,E0030,机票诈骗,weight=strong;type=Phrase
E0549,特价票,indicates,E0030,机票诈骗,weight=strong;type=Phrase
E0031,冒充燃气诈骗,belongs_to_group,E0004,服务伪装型,
E0031,冒充燃气诈骗,has_entity,E0550,安全入户检查,slot=通知类型;type=Utterance
E0031,冒充燃气诈骗,has_entity,E0551,全市管道普查,slot=通知类型;type=Utterance
E0031,冒充燃气诈骗,has_entity,E0552,老旧管道改造,slot=通知类型;type=Utterance
E0031,冒充燃气诈骗,has_entity,E0553,管道,slot=设备/管道;type=Keyword
E0031,冒充燃气诈骗,has_entity,E0554,燃气表,slot=设备/管道;type=Phrase
E0031,冒充燃气诈骗,has_entity,E0555,报警器,slot=设备/管道;type=Phrase
E0031,冒充燃气诈骗,has_entity,E0556,胶管,slot=设备/管道;type=Keyword
E0031,冒充燃气诈骗,has_entity,E0557,波纹管,slot=设备/管道;type=Phrase
E0031,冒充燃气诈骗,has_entity,E0558,泄漏隐患,slot=有问题;type=Phrase
E0031,冒充燃气诈骗,has_entity,E0559,爆燃风险,slot=有问题;type=Phrase
E0031,冒充燃气诈骗,has_entity,E0560,超过使用年限,slot=有问题;type=Utterance
E0031,冒充燃气诈骗,has_entity,E0561,已经老化,slot=有问题;type=Phrase
E0031,冒充燃气诈骗,has_entity,E0562,需要更换,slot=有问题;type=Phrase
E0031,冒充燃气诈骗,has_entity,E0563,先缴检测费,slot=操作/缴费;type=Action
E0031,冒充燃气诈骗,has_entity,E0564,预收安装费,slot=操作/缴费;type=Action
E0031,冒充燃气诈骗,has_entity,E0565,更换费,slot=操作/缴费;type=Action
E0031,冒充燃气诈骗,has_entity,E0566,预约上门,slot=操作/缴费;type=Action
E0031,冒充燃气诈骗,has_entity,E0567,先付后返,slot=操作/缴费;type=Action
E0568,强制更换,indicates,E0031,冒充燃气诈骗,weight=strong;type=Phrase
E0569,存在隐患,indicates,E0031,冒充燃气诈骗,weight=strong;type=Phrase
E0570,安全阀,indicates,E0031,冒充燃气诈骗,weight=strong;type=Phrase
E0571,管道改造收费,indicates,E0031,冒充燃气诈骗,weight=strong;type=Utterance
E0572,先缴后返,indicates,E0031,冒充燃气诈骗,weight=strong;type=Phrase
E0031,冒充燃气诈骗,confusable_with,E0032,冒充电力诈骗,
E0032,冒充电力诈骗,confusable_with,E0031,冒充燃气诈骗,
E0032,冒充电力诈骗,belongs_to_group,E0004,服务伪装型,
E0032,冒充电力诈骗,has_entity,E0573,供电局,slot=供电/电网;type=Brand
E0032,冒充电力诈骗,has_entity,E0574,国家电网,slot=供电/电网;type=Brand
E0032,冒充电力诈骗,has_entity,E0575,电力公司,slot=供电/电网;type=Brand
E0032,冒充电力诈骗,has_entity,E0576,网上国网,slot=供电/电网;type=Brand
E0032,冒充电力诈骗,has_entity,E0577,用电异常,slot=异常;type=Phrase
E0032,冒充电力诈骗,has_entity,E0578,窃电,slot=异常;type=Keyword
E0032,冒充电力诈骗,has_entity,E0579,欠费,slot=异常;type=Keyword
E0032,冒充电力诈骗,has_entity,E0580,远程抄表异常,slot=异常;type=Utterance
E0032,冒充电力诈骗,has_entity,E0581,线路问题,slot=异常;type=Phrase
E0032,冒充电力诈骗,has_entity,E0582,缴清电费,slot=操作;type=Action
E0032,冒充电力诈骗,has_entity,E0583,补交保证金,slot=操作;type=Action
E0032,冒充电力诈骗,has_entity,E0584,退费领取,slot=操作;type=Action
E0032,冒充电力诈骗,has_entity,E0428,扫码支付,slot=操作;type=Action
E0032,冒充电力诈骗,has_entity,E0585,入户核实,slot=操作;type=Action
E0032,冒充电力诈骗,has_entity,E0586,线路检修,slot=补贴/退费/检修;type=Phrase
E0032,冒充电力诈骗,has_entity,E0587,家电费余额可退现,slot=补贴/退费/检修;type=Utterance
E0032,冒充电力诈骗,has_entity,E0588,老旧线路国家级补贴,slot=补贴/退费/检修;type=Utterance
E0032,冒充电力诈骗,has_entity,E0589,申请应急供电,slot=操作;type=Action
E0032,冒充电力诈骗,has_entity,E0590,需要银行卡号,slot=操作;type=Action
E0032,冒充电力诈骗,has_entity,E0591,确认户号和身份证,slot=操作;type=Action
E0394,保证金,indicates,E0032,冒充电力诈骗,weight=strong;type=Phrase
E0592,您的电费余额不足,indicates,E0032,冒充电力诈骗,weight=strong;type=Utterance
E0593,电力公司通知,indicates,E0032,冒充电力诈骗,weight=strong;type=Utterance
E0594,电费退现,indicates,E0032,冒充电力诈骗,weight=strong;type=Phrase
E0595,老旧线路补贴,indicates,E0032,冒充电力诈骗,weight=strong;type=Utterance
E0033,黑客诈骗,belongs_to_group,E0004,服务伪装型,
E0033,黑客诈骗,has_entity,E0596,查微信记录,slot=能力;type=Phrase
E0033,黑客诈骗,has_entity,E0597,手机定位,slot=能力;type=Phrase
E0033,黑客诈骗,has_entity,E0598,开房记录,slot=能力;type=Phrase
E0033,黑客诈骗,has_entity,E0599,破解对方手机,slot=能力;type=Utterance
E0033,黑客诈骗,has_entity,E0600,恢复删除聊天,slot=能力;type=Utterance
E0033,黑客诈骗,has_entity,E0601,黑手机,slot=能力;type=Phrase
E0033,黑客诈骗,has_entity,E0602,需要的私,slot=可以帮你/提供;type=Phrase
E0033,黑客诈骗,has_entity,E0603,帮我操作,slot=可以帮你/提供;type=Phrase
E0033,黑客诈骗,has_entity,E0604,有技术手段,slot=可以帮你/提供;type=Phrase
E0033,黑客诈骗,has_entity,E0605,先付一半,slot=先付定金;type=Action
E0033,黑客诈骗,has_entity,E0274,先付定金,slot=先付定金;type=Action
E0033,黑客诈骗,has_entity,E0606,五百一条,slot=先付定金;type=Action
E0607,雇佣黑客,indicates,E0033,黑客诈骗,weight=strong;type=Phrase
E0608,黑进系统,indicates,E0033,黑客诈骗,weight=strong;type=Phrase
E0609,付费查询,indicates,E0033,黑客诈骗,weight=strong;type=Phrase
E0034,网络诈骗,belongs_to_group,E0004,服务伪装型,
E0034,网络诈骗,has_entity,E0610,宽带欠费,slot=异常/升级/警告;type=Phrase
E0034,网络诈骗,has_entity,E0611,套餐到期,slot=异常/升级/警告;type=Phrase
E0034,网络诈骗,has_entity,E0612,WiFi被破解,slot=异常/升级/警告;type=Utterance
E0034,网络诈骗,has_entity,E0613,IP地址异常,slot=异常/升级/警告;type=Utterance
E0034,网络诈骗,has_entity,E0614,被网警警告,slot=异常/升级/警告;type=Phrase
E0034,网络诈骗,has_entity,E0615,浏览境外网站,slot=异常/升级/警告;type=Utterance
E0034,网络诈骗,has_entity,E0616,续费,slot=操作;type=Action
E0034,网络诈骗,has_entity,E0617,回复1办理,slot=操作;type=Action
E0034,网络诈骗,has_entity,E0618,转账解封,slot=操作;type=Action
E0034,网络诈骗,has_entity,E0619,核查,slot=操作;type=Action
E0034,网络诈骗,has_entity,E0620,验证身份证号,slot=操作;type=Action
E0034,网络诈骗,has_entity,E0621,下载固件升级,slot=操作;type=Action
E0615,浏览境外网站,indicates,E0034,网络诈骗,weight=strong;type=Utterance
E0614,被网警警告,indicates,E0034,网络诈骗,weight=strong;type=Phrase
E0613,IP地址异常,indicates,E0034,网络诈骗,weight=strong;type=Utterance
E0612,WiFi被破解,indicates,E0034,网络诈骗,weight=strong;type=Utterance
E0611,套餐到期,indicates,E0034,网络诈骗,weight=strong;type=Phrase
E0034,网络诈骗,confusable_with,E0011,冒充通信诈骗,
E0011,冒充通信诈骗,confusable_with,E0034,网络诈骗,
E0035,保险推销,belongs_to_group,E0005,回访跟进型,
E0035,保险推销,has_entity,E0622,张先生您好,slot=称呼;type=Utterance
E0035,保险推销,has_entity,E0623,李女士您好,slot=称呼;type=Utterance
E0035,保险推销,has_entity,E0624,王先生您好,slot=称呼;type=Utterance
E0035,保险推销,has_entity,E0625,女士您好,slot=称呼;type=Utterance
E0035,保险推销,has_entity,E0626,先生您好,slot=称呼;type=Utterance
E0035,保险推销,has_entity,E0627,您好打扰一下,slot=称呼;type=Utterance
E0035,保险推销,has_entity,E0628,太平洋人寿,slot=保险公司;type=Brand
E0035,保险推销,has_entity,E0629,平安人寿,slot=保险公司;type=Brand
E0035,保险推销,has_entity,E0630,中国人寿,slot=保险公司;type=Brand
E0035,保险推销,has_entity,E0631,太平人寿,slot=保险公司;type=Brand
E0035,保险推销,has_entity,E0632,人保,slot=保险公司;type=Brand
E0035,保险推销,has_entity,E0633,平安健康,slot=保险公司;type=Brand
E0035,保险推销,has_entity,E0634,泰康,slot=保险公司;type=Brand
E0035,保险推销,has_entity,E0635,新华保险,slot=保险公司;type=Brand
E0035,保险推销,has_entity,E0636,人保车险,slot=保险公司;type=Brand
E0035,保险推销,has_entity,E0637,老客户回馈活动,slot=产品/活动;type=Utterance
E0035,保险推销,has_entity,E0638,小朋友的保险,slot=产品/活动;type=Utterance
E0035,保险推销,has_entity,E0639,养老社区,slot=产品/活动;type=Phrase
E0035,保险推销,has_entity,E0640,保单到期,slot=产品/活动;type=Phrase
E0035,保险推销,has_entity,E0641,保单分析,slot=产品/活动;type=Phrase
E0035,保险推销,has_entity,E0642,新出一款重疾险,slot=产品/活动;type=Utterance
E0035,保险推销,has_entity,E0643,保障型产品,slot=产品/活动;type=Phrase
E0035,保险推销,has_entity,E0644,车险,slot=产品/活动;type=Keyword
E0035,保险推销,has_entity,E0645,续保折扣,slot=产品/活动;type=Phrase
E0035,保险推销,has_entity,E0646,锁单优惠,slot=产品/活动;type=Phrase
E0035,保险推销,has_entity,E0647,月交几百块,slot=利益锚点;type=Phrase
E0035,保险推销,has_entity,E0648,每天不到一块钱,slot=利益锚点;type=Utterance
E0035,保险推销,has_entity,E0649,花小钱买大安心,slot=利益锚点;type=Utterance
E0035,保险推销,has_entity,E0650,保费才几块钱,slot=利益锚点;type=Utterance
E0035,保险推销,has_entity,E0651,保额高达百万,slot=能保XX;type=Utterance
E0035,保险推销,has_entity,E0652,保上百万重疾,slot=能保XX;type=Utterance
E0035,保险推销,has_entity,E0653,覆盖上百种疾病,slot=能保XX;type=Utterance
E0035,保险推销,has_entity,E0654,全家保,slot=能保XX;type=Phrase
E0633,平安健康,indicates,E0035,保险推销,weight=strong;type=Phrase
E0655,花您一分钟介绍,indicates,E0035,保险推销,weight=strong;type=Utterance
E0035,保险推销,confusable_with,E0046,贷款理财,
E0046,贷款理财,confusable_with,E0035,保险推销,
E0036,医疗保健推销,belongs_to_group,E0005,回访跟进型,
E0036,医疗保健推销,has_entity,E0622,张先生您好,slot=称呼;type=Utterance
E0036,医疗保健推销,has_entity,E0623,李女士您好,slot=称呼;type=Utterance
E0036,医疗保健推销,has_entity,E0624,王先生您好,slot=称呼;type=Utterance
E0036,医疗保健推销,has_entity,E0626,先生您好,slot=称呼;type=Utterance
E0036,医疗保健推销,has_entity,E0656,阿姨您好,slot=称呼;type=Utterance
E0036,医疗保健推销,has_entity,E0657,大姐您好,slot=称呼;type=Utterance
E0036,医疗保健推销,has_entity,E0658,瑞慈体检,slot=机构;type=Brand
E0036,医疗保健推销,has_entity,E0659,爱康国宾,slot=机构;type=Brand
E0036,医疗保健推销,has_entity,E0660,华大基因,slot=机构;type=Brand
E0036,医疗保健推销,has_entity,E0661,微基因,slot=机构;type=Brand
E0036,医疗保健推销,has_entity,E0662,23魔方,slot=机构;type=Brand
E0036,医疗保健推销,has_entity,E0663,汤臣倍健,slot=机构;type=Brand
E0036,医疗保健推销,has_entity,E0664,无限极,slot=机构;type=Brand
E0036,医疗保健推销,has_entity,E0665,固生堂中医,slot=机构;type=Brand
E0036,医疗保健推销,has_entity,E0666,最近睡眠怎么样,slot=健康关注;type=Utterance
E0036,医疗保健推销,has_entity,E0667,平时注重养生吗,slot=健康关注;type=Utterance
E0036,医疗保健推销,has_entity,E0668,有没有关节不舒服,slot=健康关注;type=Utterance
E0036,医疗保健推销,has_entity,E0669,有家族遗传病史吗,slot=健康关注;type=Utterance
E0036,医疗保健推销,has_entity,E0670,对健康方面关注吗,slot=健康关注;type=Utterance
E0036,医疗保健推销,has_entity,E0671,肩颈不舒服吧,slot=健康关注;type=Utterance
E0036,医疗保健推销,has_entity,E0672,保健品调理,slot=产品/服务;type=Phrase
E0036,医疗保健推销,has_entity,E0673,全身健康检测,slot=产品/服务;type=Utterance
E0036,医疗保健推销,has_entity,E0674,基因检测套餐,slot=产品/服务;type=Utterance
E0036,医疗保健推销,has_entity,E0675,中药古方调理,slot=产品/服务;type=Utterance
E0036,医疗保健推销,has_entity,E0676,氨糖护关节产品,slot=产品/服务;type=Utterance
E0036,医疗保健推销,has_entity,E0677,专家免费咨询,slot=产品/服务;type=Utterance
E0036,医疗保健推销,has_entity,E0678,之前在平台上咨询过体检套餐,slot=背景信息;type=Utterance
E0036,医疗保健推销,has_entity,E0679,上次体检有几项指标偏高,slot=背景信息;type=Utterance
E0036,医疗保健推销,has_entity,E0680,家里有老人有慢性病需要长期调理,slot=背景信息;type=Utterance
E0036,医疗保健推销,has_entity,E0681,在电商平台买过我们的保健品,slot=背景信息;type=Utterance
E0036,医疗保健推销,has_entity,E0682,要不要给您安排一个免费体验,slot=要不要来试试;type=Utterance
E0036,医疗保健推销,has_entity,E0683,有兴趣预约一下吗,slot=要不要来试试;type=Utterance
E0036,医疗保健推销,has_entity,E0684,周末带家人过来看看吧,slot=要不要来试试;type=Utterance
E0685,瑞慈,indicates,E0036,医疗保健推销,weight=strong;type=Keyword
E0659,爱康国宾,indicates,E0036,医疗保健推销,weight=strong;type=Phrase
E0660,华大基因,indicates,E0036,医疗保健推销,weight=strong;type=Phrase
E0661,微基因,indicates,E0036,医疗保健推销,weight=strong;type=Phrase
E0662,23魔方,indicates,E0036,医疗保健推销,weight=strong;type=Phrase
E0663,汤臣倍健,indicates,E0036,医疗保健推销,weight=strong;type=Phrase
E0664,无限极,indicates,E0036,医疗保健推销,weight=strong;type=Phrase
E0686,固生堂,indicates,E0036,医疗保健推销,weight=strong;type=Phrase
E0687,保健品,indicates,E0036,医疗保健推销,weight=strong;type=Phrase
E0688,基因检测,indicates,E0036,医疗保健推销,weight=strong;type=Phrase
E0689,中医调理,indicates,E0036,医疗保健推销,weight=strong;type=Phrase
E0036,医疗保健推销,confusable_with,E0044,美容整形,
E0044,美容整形,confusable_with,E0036,医疗保健推销,
E0037,房地产推销,belongs_to_group,E0005,回访跟进型,
E0037,房地产推销,has_entity,E0690,请问您是王先生吗,slot=称呼;type=Utterance
E0037,房地产推销,has_entity,E0623,李女士您好,slot=称呼;type=Utterance
E0037,房地产推销,has_entity,E0624,王先生您好,slot=称呼;type=Utterance
E0037,房地产推销,has_entity,E0691,刘先生您好,slot=称呼;type=Utterance
E0037,房地产推销,has_entity,E0692,大哥您好,slot=称呼;type=Utterance
E0037,房地产推销,has_entity,E0626,先生您好,slot=称呼;type=Utterance
E0037,房地产推销,has_entity,E0693,周女士您好,slot=称呼;type=Utterance
E0037,房地产推销,has_entity,E0694,喂您好,slot=称呼;type=Utterance
E0037,房地产推销,has_entity,E0695,链家,slot=平台/开发商;type=Brand
E0037,房地产推销,has_entity,E0696,贝壳找房,slot=平台/开发商;type=Brand
E0037,房地产推销,has_entity,E0697,万科翡翠公园,slot=平台/开发商;type=Brand
E0037,房地产推销,has_entity,E0698,碧桂园凤凰城,slot=平台/开发商;type=Brand
E0037,房地产推销,has_entity,E0699,保利天汇,slot=平台/开发商;type=Brand
E0037,房地产推销,has_entity,E0700,融创,slot=平台/开发商;type=Brand
E0037,房地产推销,has_entity,E0701,贝壳上,slot=渠道;type=Phrase
E0037,房地产推销,has_entity,E0702,我们公众号,slot=渠道;type=Phrase
E0037,房地产推销,has_entity,E0703,我们项目,slot=渠道;type=Phrase
E0037,房地产推销,has_entity,E0704,我们展厅,slot=渠道;type=Phrase
E0037,房地产推销,has_entity,E0705,之前来看过,slot=渠道;type=Phrase
E0037,房地产推销,has_entity,E0706,同户型刚出来,slot=促动理由;type=Utterance
E0037,房地产推销,has_entity,E0707,二期认筹了,slot=促动理由;type=Phrase
E0037,房地产推销,has_entity,E0708,今天调价了,slot=促动理由;type=Phrase
E0037,房地产推销,has_entity,E0709,有批工抵房,slot=促动理由;type=Phrase
E0037,房地产推销,has_entity,E0710,客户出价挺高,slot=促动理由;type=Utterance
E0037,房地产推销,has_entity,E0711,这周六要开了,slot=促动理由;type=Utterance
E0037,房地产推销,has_entity,E0712,单价便宜三千,slot=价格/配套卖点;type=Utterance
E0037,房地产推销,has_entity,E0713,首付二十来万月供不到五千,slot=价格/配套卖点;type=Utterance
E0037,房地产推销,has_entity,E0714,学区地铁都有,slot=价格/配套卖点;type=Utterance
E0037,房地产推销,has_entity,E0715,新开盘地铁口走路五分钟,slot=价格/配套卖点;type=Utterance
E0037,房地产推销,has_entity,E0716,要不要来了解一下,slot=要不要来看看;type=Utterance
E0037,房地产推销,has_entity,E0717,您周末有空过来看看不,slot=要不要来看看;type=Utterance
E0037,房地产推销,has_entity,E0718,有空来看看吗,slot=要不要来看看;type=Utterance
E0695,链家,indicates,E0037,房地产推销,weight=strong;type=Keyword
E0719,贝壳,indicates,E0037,房地产推销,weight=strong;type=Keyword
E0720,碧桂园,indicates,E0037,房地产推销,weight=strong;type=Phrase
E0699,保利天汇,indicates,E0037,房地产推销,weight=strong;type=Phrase
E0700,融创,indicates,E0037,房地产推销,weight=strong;type=Keyword
E0037,房地产推销,confusable_with,E0045,装修家居,
E0045,装修家居,confusable_with,E0037,房地产推销,
E0038,手机数码,belongs_to_group,E0005,回访跟进型,
E0038,手机数码,has_entity,E0622,张先生您好,slot=称呼;type=Utterance
E0038,手机数码,has_entity,E0623,李女士您好,slot=称呼;type=Utterance
E0038,手机数码,has_entity,E0624,王先生您好,slot=称呼;type=Utterance
E0038,手机数码,has_entity,E0626,先生您好,slot=称呼;type=Utterance
E0038,手机数码,has_entity,E0625,女士您好,slot=称呼;type=Utterance
E0038,手机数码,has_entity,E0721,华为体验店,slot=品牌;type=Brand
E0038,手机数码,has_entity,E0722,小米之家,slot=品牌;type=Brand
E0038,手机数码,has_entity,E0723,苹果授权店,slot=品牌;type=Brand
E0038,手机数码,has_entity,E0724,苏宁易购,slot=品牌;type=Brand
E0038,手机数码,has_entity,E0725,京东电器,slot=品牌;type=Brand
E0038,手机数码,has_entity,E0726,创维电视,slot=品牌;type=Brand
E0038,手机数码,has_entity,E0133,移动营业厅,slot=品牌;type=Brand
E0038,手机数码,has_entity,E0727,联通,slot=品牌;type=Brand
E0038,手机数码,has_entity,E0728,电信,slot=品牌;type=Brand
E0038,手机数码,has_entity,E0729,之前买过手机,slot=前置;type=Utterance
E0038,手机数码,has_entity,E0730,手机用了多久了,slot=前置;type=Utterance
E0038,手机数码,has_entity,E0731,套餐是不是58的,slot=前置;type=Utterance
E0038,手机数码,has_entity,E0732,信号怎么样,slot=前置;type=Utterance
E0038,手机数码,has_entity,E0733,看看新手机,slot=产品/套餐;type=Phrase
E0038,手机数码,has_entity,E0734,Mate系列,slot=产品/套餐;type=Utterance
E0038,手机数码,has_entity,E0735,换新的,slot=产品/套餐;type=Phrase
E0038,手机数码,has_entity,E0736,升级套餐,slot=产品/套餐;type=Phrase
E0038,手机数码,has_entity,E0737,iPhone有活动,slot=产品/套餐;type=Utterance
E0038,手机数码,has_entity,E0738,电视用了多久了,slot=产品/套餐;type=Utterance
E0038,手机数码,has_entity,E0739,免费送流量,slot=产品/套餐;type=Phrase
E0038,手机数码,has_entity,E0740,宽带续费,slot=产品/套餐;type=Phrase
E0038,手机数码,has_entity,E0741,这部手机,slot=产品;type=Phrase
E0038,手机数码,has_entity,E0742,这个宽带套餐,slot=产品;type=Utterance
E0038,手机数码,has_entity,E0743,这个电视,slot=产品;type=Phrase
E0038,手机数码,has_entity,E0744,两三年,slot=年份;type=Phrase
E0038,手机数码,has_entity,E0745,三年多,slot=年份;type=Phrase
E0038,手机数码,has_entity,E0746,好几年,slot=年份;type=Phrase
E0038,手机数码,has_entity,E0747,以旧换新活动最高抵两千,slot=换新/升级推荐;type=Utterance
E0038,手机数码,has_entity,E0748,升级五G套餐月费不变流量翻倍,slot=换新/升级推荐;type=Utterance
E0038,手机数码,has_entity,E0749,新款性价比很高要不要了解一下,slot=换新/升级推荐;type=Utterance
E0750,运营商套餐升级,indicates,E0038,手机数码,weight=strong;type=Utterance
E0751,宽带提速,indicates,E0038,手机数码,weight=strong;type=Phrase
E0752,以旧换新补贴,indicates,E0038,手机数码,weight=strong;type=Utterance
E0753,华为,indicates,E0038,手机数码,weight=strong;type=Keyword
E0754,小米,indicates,E0038,手机数码,weight=strong;type=Keyword
E0755,iPhone,indicates,E0038,手机数码,weight=strong;type=Utterance
E0039,教育培训,belongs_to_group,E0005,回访跟进型,
E0039,教育培训,has_entity,E0756,张伟同学家长您好,slot=称呼家长/学员;type=Utterance
E0039,教育培训,has_entity,E0757,李明家长您好,slot=称呼家长/学员;type=Utterance
E0039,教育培训,has_entity,E0758,王思琪妈妈您好,slot=称呼家长/学员;type=Utterance
E0039,教育培训,has_entity,E0759,陈浩然家长您好,slot=称呼家长/学员;type=Utterance
E0039,教育培训,has_entity,E0626,先生您好,slot=称呼家长/学员;type=Utterance
E0039,教育培训,has_entity,E0625,女士您好,slot=称呼家长/学员;type=Utterance
E0039,教育培训,has_entity,E0760,学而思,slot=机构名;type=Brand
E0039,教育培训,has_entity,E0761,猿辅导,slot=机构名;type=Brand
E0039,教育培训,has_entity,E0762,作业帮,slot=机构名;type=Brand
E0039,教育培训,has_entity,E0763,学大教育,slot=机构名;type=Brand
E0039,教育培训,has_entity,E0764,掌门一对一,slot=机构名;type=Brand
E0039,教育培训,has_entity,E0765,中公教育,slot=机构名;type=Brand
E0039,教育培训,has_entity,E0766,尚德,slot=机构名;type=Brand
E0039,教育培训,has_entity,E0767,恒企会计,slot=机构名;type=Brand
E0039,教育培训,has_entity,E0768,乐学高考,slot=机构名;type=Brand
E0039,教育培训,has_entity,E0769,中华会计网校,slot=机构名;type=Brand
E0039,教育培训,has_entity,E0770,东奥会计,slot=机构名;type=Brand
E0039,教育培训,has_entity,E0771,建设工程教育网,slot=机构名;type=Brand
E0039,教育培训,has_entity,E0772,医学教育网,slot=机构名;type=Brand
E0039,教育培训,has_entity,E0773,之前咨询过课程,slot=前置互动;type=Utterance
E0039,教育培训,has_entity,E0774,留过信息,slot=前置互动;type=Utterance
E0039,教育培训,has_entity,E0775,孩子几年级,slot=前置互动;type=Utterance
E0039,教育培训,has_entity,E0776,预约过试听,slot=前置互动;type=Utterance
E0039,教育培训,has_entity,E0777,想提升学历,slot=前置互动;type=Utterance
E0039,教育培训,has_entity,E0778,体验课,slot=课程/辅导推介;type=Phrase
E0039,教育培训,has_entity,E0779,一对一辅导,slot=课程/辅导推介;type=Phrase
E0039,教育培训,has_entity,E0780,数学/公务员/会计培训,slot=课程/辅导推介;type=Utterance
E0039,教育培训,has_entity,E0781,暑假班优惠,slot=课程/辅导推介;type=Phrase
E0039,教育培训,has_entity,E0782,适合年龄段的课,slot=课程/辅导推介;type=Utterance
E0039,教育培训,has_entity,E0783,实操课程,slot=课程/辅导推介;type=Phrase
E0039,教育培训,has_entity,E0784,考初级还是中级,slot=课程/辅导推介;type=Utterance
E0039,教育培训,has_entity,E0785,一建咨询,slot=课程/辅导推介;type=Phrase
E0039,教育培训,has_entity,E0786,现在报名有优惠,slot=限时/优惠;type=Utterance
E0039,教育培训,has_entity,E0787,暑期特价,slot=限时/优惠;type=Phrase
E0039,教育培训,has_entity,E0788,月底之前,slot=限时/优惠;type=Phrase
E0039,教育培训,has_entity,E0789,报两科免一科,slot=限时/优惠;type=Utterance
E0039,教育培训,has_entity,E0790,马上开课了,slot=限时/优惠;type=Phrase
E0760,学而思,indicates,E0039,教育培训,weight=medium;type=Phrase
E0791,学大,indicates,E0039,教育培训,weight=strong;type=Keyword
E0792,中华会计,indicates,E0039,教育培训,weight=strong;type=Phrase
E0793,试听课,indicates,E0039,教育培训,weight=medium;type=Phrase
E0794,暑假班,indicates,E0039,教育培训,weight=strong;type=Phrase
E0040,旅游出行,belongs_to_group,E0005,回访跟进型,
E0040,旅游出行,has_entity,E0622,张先生您好,slot=称呼;type=Utterance
E0040,旅游出行,has_entity,E0623,李女士您好,slot=称呼;type=Utterance
E0040,旅游出行,has_entity,E0624,王先生您好,slot=称呼;type=Utterance
E0040,旅游出行,has_entity,E0626,先生您好,slot=称呼;type=Utterance
E0040,旅游出行,has_entity,E0625,女士您好,slot=称呼;type=Utterance
E0040,旅游出行,has_entity,E0795,携程,slot=旅行社;type=Brand
E0040,旅游出行,has_entity,E0796,飞猪,slot=旅行社;type=Brand
E0040,旅游出行,has_entity,E0797,春秋旅游,slot=旅行社;type=Brand
E0040,旅游出行,has_entity,E0798,国旅,slot=旅行社;type=Brand
E0040,旅游出行,has_entity,E0799,同程,slot=旅行社;type=Brand
E0040,旅游出行,has_entity,E0800,途牛,slot=旅行社;type=Brand
E0040,旅游出行,has_entity,E0801,驴妈妈,slot=旅行社;type=Brand
E0040,旅游出行,has_entity,E0802,去哪儿网,slot=旅行社;type=Brand
E0040,旅游出行,has_entity,E0803,众信旅游,slot=旅行社;type=Brand
E0040,旅游出行,has_entity,E0804,行程推荐,slot=推荐;type=Phrase
E0040,旅游出行,has_entity,E0805,报团还是自由行,slot=推荐;type=Utterance
E0040,旅游出行,has_entity,E0806,亲子游,slot=推荐;type=Phrase
E0040,旅游出行,has_entity,E0807,定制行程,slot=推荐;type=Phrase
E0040,旅游出行,has_entity,E0808,特价团,slot=推荐;type=Phrase
E0040,旅游出行,has_entity,E0809,机票酒店打包,slot=推荐;type=Utterance
E0040,旅游出行,has_entity,E0810,境外游,slot=推荐;type=Phrase
E0040,旅游出行,has_entity,E0811,新疆专列,slot=推荐;type=Phrase
E0040,旅游出行,has_entity,E0812,您之前在我们平台查过航班信息,slot=之前互动;type=Utterance
E0040,旅游出行,has_entity,E0813,您上周咨询过出境游线路,slot=之前互动;type=Utterance
E0040,旅游出行,has_entity,E0814,看到您搜索过目的地机票,slot=之前互动;type=Utterance
E0040,旅游出行,has_entity,E0815,最近有个尾单特价去XX只要两千多,slot=限时特惠推荐;type=Utterance
E0040,旅游出行,has_entity,E0816,这个周末有个特价团名额有限,slot=限时特惠推荐;type=Utterance
E0040,旅游出行,has_entity,E0817,现在订提前一个月有早鸟优惠,slot=限时特惠推荐;type=Utterance
E0818,特价机票,indicates,E0040,旅游出行,weight=strong;type=Phrase
E0819,自由行定制,indicates,E0040,旅游出行,weight=strong;type=Phrase
E0820,亲子游套餐,indicates,E0040,旅游出行,weight=strong;type=Phrase
E0821,报团,indicates,E0040,旅游出行,weight=strong;type=Keyword
E0822,酒店,indicates,E0040,旅游出行,weight=strong;type=Keyword
E0040,旅游出行,confusable_with,E0048,网约车出行,
E0048,网约车出行,confusable_with,E0040,旅游出行,
E0041,母婴亲子,belongs_to_group,E0005,回访跟进型,
E0041,母婴亲子,has_entity,E0756,张伟同学家长您好,slot=称呼家长;type=Utterance
E0041,母婴亲子,has_entity,E0757,李明家长您好,slot=称呼家长;type=Utterance
E0041,母婴亲子,has_entity,E0758,王思琪妈妈您好,slot=称呼家长;type=Utterance
E0041,母婴亲子,has_entity,E0626,先生您好,slot=称呼家长;type=Utterance
E0041,母婴亲子,has_entity,E0823,您是宝宝妈妈吧,slot=称呼家长;type=Utterance
E0041,母婴亲子,has_entity,E0625,女士您好,slot=称呼家长;type=Utterance
E0041,母婴亲子,has_entity,E0824,金宝贝,slot=机构;type=Brand
E0041,母婴亲子,has_entity,E0825,美吉姆,slot=机构;type=Brand
E0041,母婴亲子,has_entity,E0826,爱帝宫月子,slot=机构;type=Brand
E0041,母婴亲子,has_entity,E0827,孩子王,slot=机构;type=Brand
E0041,母婴亲子,has_entity,E0828,东方爱婴,slot=机构;type=Brand
E0041,母婴亲子,has_entity,E0829,爱你宝贝摄影,slot=机构;type=Brand
E0041,母婴亲子,has_entity,E0830,母婴,slot=机构;type=Brand
E0041,母婴亲子,has_entity,E0831,儿童摄影,slot=机构;type=Brand
E0041,母婴亲子,has_entity,E0832,之前咨询过早教,slot=前置了解;type=Utterance
E0041,母婴亲子,has_entity,E0833,孩子多大了,slot=前置了解;type=Utterance
E0041,母婴亲子,has_entity,E0834,问过纸尿裤,slot=前置了解;type=Utterance
E0041,母婴亲子,has_entity,E0835,想了解全日托还是周末课,slot=前置了解;type=Utterance
E0041,母婴亲子,has_entity,E0836,拍过写真吗,slot=前置了解;type=Utterance
E0041,母婴亲子,has_entity,E0837,拍照有优惠,slot=前置了解;type=Utterance
E0041,母婴亲子,has_entity,E0838,早教课,slot=服务推介;type=Phrase
E0041,母婴亲子,has_entity,E0839,带孩子体验一下,slot=服务推介;type=Utterance
E0041,母婴亲子,has_entity,E0840,亲子游泳体验课,slot=服务推介;type=Utterance
E0041,母婴亲子,has_entity,E0841,早教盒子月卡,slot=服务推介;type=Utterance
E0041,母婴亲子,has_entity,E0842,宝宝满月照,slot=服务推介;type=Phrase
E0041,母婴亲子,has_entity,E0843,拍照优惠,slot=服务推介;type=Phrase
E0041,母婴亲子,has_entity,E0844,月子中心,slot=服务推介;type=Phrase
E0041,母婴亲子,has_entity,E0845,您家宝宝现在几个月了,slot=孩子情况;type=Utterance
E0041,母婴亲子,has_entity,E0846,上次来体验课小朋友玩得开心吗,slot=孩子情况;type=Utterance
E0041,母婴亲子,has_entity,E0847,孩子到了该上早教的年龄了吧,slot=孩子情况;type=Utterance
E0041,母婴亲子,has_entity,E0848,来试试我们的亲子游泳课,slot=服务推荐;type=Utterance
E0041,母婴亲子,has_entity,E0849,给孩子报个兴趣班培养一下,slot=服务推荐;type=Utterance
E0041,母婴亲子,has_entity,E0850,预约一节免费体验课吧,slot=服务推荐;type=Utterance
E0851,早教课程,indicates,E0041,母婴亲子,weight=strong;type=Phrase
E0844,月子中心,indicates,E0041,母婴亲子,weight=strong;type=Phrase
E0852,亲子游泳,indicates,E0041,母婴亲子,weight=strong;type=Phrase
E0041,母婴亲子,confusable_with,E0039,教育培训,
E0039,教育培训,confusable_with,E0041,母婴亲子,
E0042,汽车销售,belongs_to_group,E0005,回访跟进型,
E0042,汽车销售,has_entity,E0623,李女士您好,slot=称呼;type=Utterance
E0042,汽车销售,has_entity,E0624,王先生您好,slot=称呼;type=Utterance
E0042,汽车销售,has_entity,E0853,陈女士您好,slot=称呼;type=Utterance
E0042,汽车销售,has_entity,E0626,先生您好,slot=称呼;type=Utterance
E0042,汽车销售,has_entity,E0625,女士您好,slot=称呼;type=Utterance
E0042,汽车销售,has_entity,E0854,平安车险,slot=品牌;type=Brand
E0042,汽车销售,has_entity,E0855,太平洋车险,slot=品牌;type=Brand
E0042,汽车销售,has_entity,E0856,大地车险,slot=品牌;type=Brand
E0042,汽车销售,has_entity,E0857,中国人保车险,slot=品牌;type=Brand
E0042,汽车销售,has_entity,E0858,奥迪店,slot=品牌;type=Brand
E0042,汽车销售,has_entity,E0859,一汽大众,slot=品牌;type=Brand
E0042,汽车销售,has_entity,E0860,比亚迪,slot=品牌;type=Brand
E0042,汽车销售,has_entity,E0861,广汽丰田,slot=品牌;type=Brand
E0042,汽车销售,has_entity,E0862,优信二手车,slot=品牌;type=Brand
E0042,汽车销售,has_entity,E0863,瓜子二手车,slot=品牌;type=Brand
E0042,汽车销售,has_entity,E0864,特斯拉,slot=品牌;type=Brand
E0042,汽车销售,has_entity,E0865,车险快到期了,slot=互动;type=Utterance
E0042,汽车销售,has_entity,E0866,之前到店看过,slot=互动;type=Utterance
E0042,汽车销售,has_entity,E0774,留过信息,slot=互动;type=Utterance
E0042,汽车销售,has_entity,E0867,问过凯美瑞,slot=互动;type=Utterance
E0042,汽车销售,has_entity,E0868,预约过试驾,slot=互动;type=Utterance
E0042,汽车销售,has_entity,E0869,有车要卖,slot=互动;type=Utterance
E0042,汽车销售,has_entity,E0870,帮您报价,slot=推介;type=Phrase
E0042,汽车销售,has_entity,E0871,有车展特价,slot=推介;type=Phrase
E0042,汽车销售,has_entity,E0872,试驾车比新车便宜,slot=推介;type=Utterance
E0042,汽车销售,has_entity,E0873,二手车可分期,slot=推介;type=Utterance
E0042,汽车销售,has_entity,E0874,评估一下车价,slot=推介;type=Utterance
E0042,汽车销售,has_entity,E0875,您那台车开了几年了想换车吗,slot=车况/需求了解;type=Utterance
E0042,汽车销售,has_entity,E0876,了解到您最近有购车意向,slot=车况/需求了解;type=Utterance
E0042,汽车销售,has_entity,E0877,您之前在我们平台留过评估信息,slot=车况/需求了解;type=Utterance
E0042,汽车销售,has_entity,E0878,现在店里有个以旧换新的活动补贴力度挺大,slot=方案推荐;type=Utterance
E0042,汽车销售,has_entity,E0879,有台试驾车只跑了三千公里比新车便宜不少,slot=方案推荐;type=Utterance
E0042,汽车销售,has_entity,E0880,二手车可以分期首付只要两成,slot=方案推荐;type=Utterance
E0881,试驾,indicates,E0042,汽车销售,weight=strong;type=Keyword
E0882,二手车评估,indicates,E0042,汽车销售,weight=strong;type=Phrase
E0883,特价车源,indicates,E0042,汽车销售,weight=strong;type=Phrase
E0644,车险,indicates,E0042,汽车销售,weight=strong;type=Keyword
E0884,4S,indicates,E0042,汽车销售,weight=medium;type=Keyword
E0042,汽车销售,confusable_with,E0035,保险推销,
E0035,保险推销,confusable_with,E0042,汽车销售,
E0042,汽车销售,confusable_with,E0046,贷款理财,
E0046,贷款理财,confusable_with,E0042,汽车销售,
E0043,物流快递,belongs_to_group,E0006,推介直给型,
E0043,物流快递,has_entity,E0885,孙老板您好,slot=称呼老板;type=Utterance
E0043,物流快递,has_entity,E0886,周老板您好,slot=称呼老板;type=Utterance
E0043,物流快递,has_entity,E0887,吴老板您好,slot=称呼老板;type=Utterance
E0043,物流快递,has_entity,E0888,老板您好,slot=称呼老板;type=Utterance
E0043,物流快递,has_entity,E0889,张总,slot=称呼老板;type=Utterance
E0043,物流快递,has_entity,E0890,您好老板,slot=称呼老板;type=Utterance
E0043,物流快递,has_entity,E0891,申通,slot=快递公司;type=Brand
E0043,物流快递,has_entity,E0892,中通,slot=快递公司;type=Brand
E0043,物流快递,has_entity,E0893,韵达,slot=快递公司;type=Brand
E0043,物流快递,has_entity,E0894,百世,slot=快递公司;type=Brand
E0043,物流快递,has_entity,E0895,德邦,slot=快递公司;type=Brand
E0043,物流快递,has_entity,E0896,顺丰,slot=快递公司;type=Brand
E0043,物流快递,has_entity,E0897,极兔,slot=快递公司;type=Brand
E0043,物流快递,has_entity,E0898,有件要发,slot=价格/服务;type=Phrase
E0043,物流快递,has_entity,E0899,寄件方便上门收,slot=价格/服务;type=Utterance
E0043,物流快递,has_entity,E0900,发件量大可优惠,slot=价格/服务;type=Utterance
E0043,物流快递,has_entity,E0901,大件要发,slot=价格/服务;type=Phrase
E0043,物流快递,has_entity,E0902,电商做得不错,slot=价格/服务;type=Utterance
E0043,物流快递,has_entity,E0903,仓配一体省成本,slot=价格/服务;type=Utterance
E0043,物流快递,has_entity,E0904,寄件打会员价,slot=价格/服务;type=Utterance
E0043,物流快递,has_entity,E0905,了解到您有跨境发货的需求,slot=业务场景;type=Utterance
E0043,物流快递,has_entity,E0906,看您每天发货量不小,slot=业务场景;type=Utterance
E0043,物流快递,has_entity,E0907,您之前咨询过大件物流,slot=业务场景;type=Utterance
E0043,物流快递,has_entity,E0908,我们跨境线路价格比市场价低两成,slot=价格/服务;type=Utterance
E0043,物流快递,has_entity,E0909,量大可以给您申请大客户价一单能省好几块,slot=价格/服务;type=Utterance
E0043,物流快递,has_entity,E0910,我们有仓配一体服务可以帮您省仓储成本,slot=价格/服务;type=Utterance
E0911,跨境物流,indicates,E0043,物流快递,weight=strong;type=Phrase
E0912,电商发货,indicates,E0043,物流快递,weight=strong;type=Phrase
E0913,上门取件,indicates,E0043,物流快递,weight=strong;type=Phrase
E0914,寄件,indicates,E0043,物流快递,weight=strong;type=Keyword
E0915,物流,indicates,E0043,物流快递,weight=medium;type=Keyword
E0044,美容整形,belongs_to_group,E0005,回访跟进型,
E0044,美容整形,has_entity,E0623,李女士您好,slot=称呼;type=Utterance
E0044,美容整形,has_entity,E0916,王女士您好,slot=称呼;type=Utterance
E0044,美容整形,has_entity,E0853,陈女士您好,slot=称呼;type=Utterance
E0044,美容整形,has_entity,E0626,先生您好,slot=称呼;type=Utterance
E0044,美容整形,has_entity,E0625,女士您好,slot=称呼;type=Utterance
E0044,美容整形,has_entity,E0917,美莱医疗美容,slot=机构;type=Brand
E0044,美容整形,has_entity,E0918,华美整形,slot=机构;type=Brand
E0044,美容整形,has_entity,E0919,瑞丽医疗美容,slot=机构;type=Brand
E0044,美容整形,has_entity,E0920,伊美尔,slot=机构;type=Brand
E0044,美容整形,has_entity,E0921,碧莲盛植发,slot=机构;type=Brand
E0044,美容整形,has_entity,E0922,爱尔眼科,slot=机构;type=Brand
E0044,美容整形,has_entity,E0923,拜博口腔,slot=机构;type=Brand
E0044,美容整形,has_entity,E0924,艺星整形,slot=机构;type=Brand
E0044,美容整形,has_entity,E0925,美立方医疗,slot=机构;type=Brand
E0044,美容整形,has_entity,E0926,美莱医疗,slot=机构;type=Brand
E0044,美容整形,has_entity,E0927,咨询过皮肤项目,slot=互动;type=Utterance
E0044,美容整形,has_entity,E0928,留过联系方式,slot=互动;type=Utterance
E0044,美容整形,has_entity,E0929,想改善什么问题,slot=互动;type=Utterance
E0044,美容整形,has_entity,E0930,头发现在怎么样,slot=互动;type=Utterance
E0044,美容整形,has_entity,E0931,咨询过近视手术,slot=互动;type=Utterance
E0044,美容整形,has_entity,E0932,牙齿最近怎么样,slot=互动;type=Utterance
E0044,美容整形,has_entity,E0933,想了解哪个项目,slot=互动;type=Utterance
E0044,美容整形,has_entity,E0934,想改善什么,slot=项目推介;type=Phrase
E0044,美容整形,has_entity,E0935,进口品牌有优惠,slot=项目推介;type=Utterance
E0044,美容整形,has_entity,E0936,植发有活动,slot=项目推介;type=Phrase
E0044,美容整形,has_entity,E0937,分期付款,slot=项目推介;type=Phrase
E0044,美容整形,has_entity,E0938,进口清洁仪器体验价,slot=项目推介;type=Utterance
E0044,美容整形,has_entity,E0939,暑期双眼皮折扣,slot=项目推介;type=Utterance
E0044,美容整形,has_entity,E0940,面部线雕案例,slot=项目推介;type=Utterance
E0044,美容整形,has_entity,E0941,做过皮肤项目,slot=做过什么;type=Utterance
E0044,美容整形,has_entity,E0942,咨询过植发,slot=做过什么;type=Phrase
E0044,美容整形,has_entity,E0943,看过牙齿矫正,slot=做过什么;type=Utterance
E0044,美容整形,has_entity,E0944,做过眼部手术,slot=做过什么;type=Utterance
E0044,美容整形,has_entity,E0945,最近恢复得怎么样，方便的话回来复查一下,slot=恢复情况/新项目;type=Utterance
E0044,美容整形,has_entity,E0946,我们最近有个新项目很适合您的情况,slot=恢复情况/新项目;type=Utterance
E0044,美容整形,has_entity,E0947,有老客户回馈活动给您预留了名额,slot=恢复情况/新项目;type=Utterance
E0948,整形,indicates,E0044,美容整形,weight=strong;type=Keyword
E0949,美容,indicates,E0044,美容整形,weight=strong;type=Keyword
E0950,植发,indicates,E0044,美容整形,weight=strong;type=Keyword
E0951,医美,indicates,E0044,美容整形,weight=strong;type=Keyword
E0952,口腔,indicates,E0044,美容整形,weight=strong;type=Keyword
E0045,装修家居,belongs_to_group,E0005,回访跟进型,
E0045,装修家居,has_entity,E0622,张先生您好,slot=称呼;type=Utterance
E0045,装修家居,has_entity,E0623,李女士您好,slot=称呼;type=Utterance
E0045,装修家居,has_entity,E0853,陈女士您好,slot=称呼;type=Utterance
E0045,装修家居,has_entity,E0953,您好,slot=称呼;type=Utterance
E0045,装修家居,has_entity,E0954,你好,slot=称呼;type=Utterance
E0045,装修家居,has_entity,E0955,东易日盛,slot=装修公司;type=Brand
E0045,装修家居,has_entity,E0956,业之峰,slot=装修公司;type=Brand
E0045,装修家居,has_entity,E0957,爱空间,slot=装修公司;type=Brand
E0045,装修家居,has_entity,E0958,尚层别墅,slot=装修公司;type=Brand
E0045,装修家居,has_entity,E0959,圣都,slot=装修公司;type=Brand
E0045,装修家居,has_entity,E0960,名雕,slot=装修公司;type=Brand
E0045,装修家居,has_entity,E0961,生活家,slot=装修公司;type=Brand
E0045,装修家居,has_entity,E0962,土巴兔,slot=装修公司;type=Brand
E0045,装修家居,has_entity,E0963,居然之家,slot=装修公司;type=Brand
E0045,装修家居,has_entity,E0964,红星美凯龙,slot=装修公司;type=Brand
E0045,装修家居,has_entity,E0965,要装修吗,slot=状态;type=Utterance
E0045,装修家居,has_entity,E0966,有装修打算吗,slot=状态;type=Utterance
E0045,装修家居,has_entity,E0967,是联排还是独栋,slot=状态;type=Utterance
E0045,装修家居,has_entity,E0968,房子收房了吗,slot=状态;type=Utterance
E0045,装修家居,has_entity,E0969,有软装需求吗,slot=状态;type=Utterance
E0045,装修家居,has_entity,E0970,样板房征集装修打七折,slot=推介/优惠;type=Utterance
E0045,装修家居,has_entity,E0971,推荐几家装修公司,slot=推介/优惠;type=Utterance
E0045,装修家居,has_entity,E0972,套餐比市场价便宜,slot=推介/优惠;type=Utterance
E0045,装修家居,has_entity,E0973,全包套餐698一方,slot=推介/优惠;type=Utterance
E0045,装修家居,has_entity,E0974,免费先出方案,slot=推介/优惠;type=Utterance
E0045,装修家居,has_entity,E0975,去年在我们这儿装的房子,slot=什么时候装的;type=Utterance
E0045,装修家居,has_entity,E0976,上半年做的全屋定制,slot=什么时候装的;type=Utterance
E0045,装修家居,has_entity,E0977,前阵子装的橱柜,slot=什么时候装的;type=Utterance
E0045,装修家居,has_entity,E0978,住进去感觉怎么样有什么问题没有,slot=使用情况回访;type=Utterance
E0045,装修家居,has_entity,E0979,家具用着还习惯吗,slot=使用情况回访;type=Utterance
E0045,装修家居,has_entity,E0980,有没有需要维护的地方,slot=使用情况回访;type=Utterance
E0045,装修家居,has_entity,E0981,最近公司有个老客户免费保养活动,slot=新优惠;type=Utterance
E0045,装修家居,has_entity,E0982,我们现在出了新款可以成本价升级,slot=新优惠;type=Utterance
E0045,装修家居,has_entity,E0983,推荐邻居签单可以送一次全屋保洁,slot=新优惠;type=Utterance
E0984,装修公司,indicates,E0045,装修家居,weight=strong;type=Phrase
E0985,样板房,indicates,E0045,装修家居,weight=strong;type=Phrase
E0986,全屋定制,indicates,E0045,装修家居,weight=strong;type=Phrase
E0987,家具,indicates,E0045,装修家居,weight=strong;type=Keyword
E0046,贷款理财,belongs_to_group,E0006,推介直给型,
E0046,贷款理财,has_entity,E0622,张先生您好,slot=称呼;type=Utterance
E0046,贷款理财,has_entity,E0623,李女士您好,slot=称呼;type=Utterance
E0046,贷款理财,has_entity,E0624,王先生您好,slot=称呼;type=Utterance
E0046,贷款理财,has_entity,E0626,先生您好,slot=称呼;type=Utterance
E0046,贷款理财,has_entity,E0625,女士您好,slot=称呼;type=Utterance
E0046,贷款理财,has_entity,E0988,平安普惠,slot=银行;type=Brand
E0046,贷款理财,has_entity,E0989,建设银行,slot=银行;type=Brand
E0046,贷款理财,has_entity,E0990,工商银行,slot=银行;type=Brand
E0046,贷款理财,has_entity,E0991,招联金融,slot=银行;type=Brand
E0046,贷款理财,has_entity,E0992,微众银行,slot=银行;type=Brand
E0046,贷款理财,has_entity,E0993,农商行,slot=银行;type=Brand
E0046,贷款理财,has_entity,E0994,中信银行,slot=银行;type=Brand
E0046,贷款理财,has_entity,E0995,平安银行,slot=银行;type=Brand
E0046,贷款理财,has_entity,E0996,京东金条,slot=银行;type=Brand
E0046,贷款理财,has_entity,E0997,平安易贷,slot=银行;type=Brand
E0046,贷款理财,has_entity,E0998,信用贷款批下来了,slot=额度/利率;type=Utterance
E0046,贷款理财,has_entity,E0999,有个贷款额度,slot=额度/利率;type=Utterance
E0046,贷款理财,has_entity,E0448,二十万备用金,slot=额度/利率;type=Utterance
E0046,贷款理财,has_entity,E1000,先息后本,slot=额度/利率;type=Phrase
E0046,贷款理财,has_entity,E1001,月息不到三厘,slot=额度/利率;type=Utterance
E0046,贷款理财,has_entity,E1002,最高五十万,slot=额度/利率;type=Phrase
E0046,贷款理财,has_entity,E1003,房产抵押,slot=额度/利率;type=Phrase
E0046,贷款理财,has_entity,E1004,信用贷,slot=额度/利率;type=Phrase
E0046,贷款理财,has_entity,E1005,您在我们行有笔大额消费贷额度快要到期了,slot=额度/利率;type=Utterance
E0046,贷款理财,has_entity,E1006,名下如果有房产可以申请抵押贷利率很低,slot=额度/利率;type=Utterance
E0046,贷款理财,has_entity,E1007,您之前申请的那笔备用金审批通过了,slot=额度/利率;type=Utterance
E0046,贷款理财,has_entity,E1008,需要装修还是经营周转都可以用,slot=用途/推荐;type=Utterance
E0046,贷款理财,has_entity,E1009,可以先息后本压力小,slot=用途/推荐;type=Utterance
E0046,贷款理财,has_entity,E1010,方便的话来网点签个字就放款了,slot=用途/推荐;type=Utterance
E1011,信贷,indicates,E0046,贷款理财,weight=strong;type=Keyword
E1012,利率优惠,indicates,E0046,贷款理财,weight=strong;type=Phrase
E1003,房产抵押,indicates,E0046,贷款理财,weight=strong;type=Phrase
E1013,额度,indicates,E0046,贷款理财,weight=strong;type=Keyword
E0047,餐饮美食,belongs_to_group,E0005,回访跟进型,
E0047,餐饮美食,has_entity,E1014,王老板您好,slot=称呼老板;type=Utterance
E0047,餐饮美食,has_entity,E1015,李老板您好,slot=称呼老板;type=Utterance
E0047,餐饮美食,has_entity,E1016,刘总您好,slot=称呼老板;type=Utterance
E0047,餐饮美食,has_entity,E0888,老板您好,slot=称呼老板;type=Utterance
E0047,餐饮美食,has_entity,E1017,孙总您好,slot=称呼老板;type=Utterance
E0047,餐饮美食,has_entity,E1018,吴总您好,slot=称呼老板;type=Utterance
E0047,餐饮美食,has_entity,E1019,您好周老板,slot=称呼老板;type=Utterance
E0047,餐饮美食,has_entity,E1020,美团外卖,slot=平台;type=Brand
E0047,餐饮美食,has_entity,E1021,饿了么,slot=平台;type=Brand
E0047,餐饮美食,has_entity,E1022,美团到店,slot=平台;type=Brand
E0047,餐饮美食,has_entity,E1023,淘宝闪购,slot=平台;type=Brand
E0047,餐饮美食,has_entity,E1024,大众点评,slot=平台;type=Brand
E0047,餐饮美食,has_entity,E1025,口碑,slot=平台;type=Brand
E0047,餐饮美食,has_entity,E1026,美团圈点宝,slot=平台;type=Brand
E0047,餐饮美食,has_entity,E1027,美团收银,slot=平台;type=Brand
E0047,餐饮美食,has_entity,E1028,专业代运营,slot=平台;type=Brand
E0047,餐饮美食,has_entity,E1029,单量怎么样,slot=店铺问题;type=Phrase
E0047,餐饮美食,has_entity,E1030,做湘菜的,slot=店铺问题;type=Phrase
E0047,餐饮美食,has_entity,E1031,排名挺不错,slot=店铺问题;type=Phrase
E0047,餐饮美食,has_entity,E1032,有些活动没开通,slot=店铺问题;type=Utterance
E0047,餐饮美食,has_entity,E1033,扫码支付开了吗,slot=店铺问题;type=Utterance
E0047,餐饮美食,has_entity,E1034,抽成比例高,slot=店铺问题;type=Phrase
E0047,餐饮美食,has_entity,E1035,单量下滑,slot=店铺问题;type=Phrase
E0047,餐饮美食,has_entity,E1036,店铺曝光低,slot=店铺问题;type=Phrase
E0047,餐饮美食,has_entity,E1037,聊几句,slot=解决方案;type=Phrase
E0047,餐饮美食,has_entity,E1038,帮您调一下,slot=解决方案;type=Phrase
E0047,餐饮美食,has_entity,E1039,代运营,slot=解决方案;type=Phrase
E0047,餐饮美食,has_entity,E1040,降到18个点,slot=解决方案;type=Utterance
E0047,餐饮美食,has_entity,E1041,优化排名,slot=解决方案;type=Phrase
E0047,餐饮美食,has_entity,E1042,看到您店铺评分挺高的但曝光不太够,slot=店铺问题;type=Utterance
E0047,餐饮美食,has_entity,E1043,您店铺有些新菜品还没上推荐位,slot=店铺问题;type=Utterance
E0047,餐饮美食,has_entity,E1044,发现您店里回头客很多可以做个会员体系,slot=店铺问题;type=Utterance
E0047,餐饮美食,has_entity,E1045,推荐您开通店铺推广预算可以自己控制,slot=新功能/推广方案推荐;type=Utterance
E0047,餐饮美食,has_entity,E1046,参加平台的满减活动能带动单量,slot=新功能/推广方案推荐;type=Utterance
E0047,餐饮美食,has_entity,E1047,我们新出了店铺自营销工具可以帮您拉新,slot=新功能/推广方案推荐;type=Utterance
E1039,代运营,indicates,E0047,餐饮美食,weight=strong;type=Phrase
E0428,扫码支付,indicates,E0047,餐饮美食,weight=strong;type=Phrase
E0048,网约车出行,belongs_to_group,E0006,推介直给型,
E0048,网约车出行,has_entity,E0622,张先生您好,slot=称呼;type=Utterance
E0048,网约车出行,has_entity,E0623,李女士您好,slot=称呼;type=Utterance
E0048,网约车出行,has_entity,E0624,王先生您好,slot=称呼;type=Utterance
E0048,网约车出行,has_entity,E0626,先生您好,slot=称呼;type=Utterance
E0048,网约车出行,has_entity,E1048,师傅您好,slot=称呼;type=Utterance
E0048,网约车出行,has_entity,E1049,师傅,slot=称呼;type=Utterance
E0048,网约车出行,has_entity,E1050,滴滴出行,slot=平台;type=Brand
E0048,网约车出行,has_entity,E1051,滴滴货运,slot=平台;type=Brand
E0048,网约车出行,has_entity,E1052,滴滴代驾,slot=平台;type=Brand
E0048,网约车出行,has_entity,E1053,花小猪,slot=平台;type=Brand
E0048,网约车出行,has_entity,E1054,曹操出行,slot=平台;type=Brand
E0048,网约车出行,has_entity,E1055,T3出行,slot=平台;type=Brand
E0048,网约车出行,has_entity,E1056,高德打车,slot=平台;type=Brand
E0048,网约车出行,has_entity,E1057,哈啰出行,slot=平台;type=Brand
E0048,网约车出行,has_entity,E1058,首汽约车,slot=平台;type=Brand
E0048,网约车出行,has_entity,E1059,享道出行,slot=平台;type=Brand
E0048,网约车出行,has_entity,E1060,百度打车,slot=平台;type=Brand
E0048,网约车出行,has_entity,E1061,美团打车,slot=平台;type=Brand
E0048,网约车出行,has_entity,E1062,有拉货需求,slot=招募类型;type=Phrase
E0048,网约车出行,has_entity,E1063,做代驾司机,slot=招募类型;type=Phrase
E0048,网约车出行,has_entity,E1064,兼职开车赚外快,slot=招募类型;type=Utterance
E0048,网约车出行,has_entity,E1065,注册成司机,slot=招募类型;type=Phrase
E0048,网约车出行,has_entity,E1066,跑专车,slot=招募类型;type=Phrase
E0048,网约车出行,has_entity,E1067,招司机,slot=招募类型;type=Phrase
E0048,网约车出行,has_entity,E1068,转跑专车,slot=招募类型;type=Phrase
E0048,网约车出行,has_entity,E1069,跑顺风车,slot=招募类型;type=Phrase
E0048,网约车出行,has_entity,E1070,升级优选司机,slot=招募类型;type=Utterance
E0048,网约车出行,has_entity,E1071,多平台接单,slot=招募类型;type=Phrase
E0048,网约车出行,has_entity,E1072,送优惠券,slot=推介;type=Phrase
E0048,网约车出行,has_entity,E1073,会员服务,slot=推介;type=Phrase
E0048,网约车出行,has_entity,E1074,门槛不高,slot=推介;type=Phrase
E0048,网约车出行,has_entity,E1075,单子多,slot=推介;type=Phrase
E0048,网约车出行,has_entity,E1076,抽成减半,slot=推介;type=Phrase
E0048,网约车出行,has_entity,E1077,账号升级奖励,slot=推介;type=Utterance
E0048,网约车出行,has_entity,E1078,单价比快车高,slot=推介;type=Utterance
E0048,网约车出行,has_entity,E1079,首月免抽成,slot=推介;type=Phrase
E0048,网约车出行,has_entity,E1080,新人奖励,slot=推介;type=Phrase
E0048,网约车出行,has_entity,E1081,流水更高,slot=推介;type=Phrase
E0048,网约车出行,has_entity,E1082,看到您经常用我们平台打车,slot=乘客/司机;type=Utterance
E0048,网约车出行,has_entity,E1083,您之前注册过司机但一直没上线,slot=乘客/司机;type=Utterance
E0048,网约车出行,has_entity,E1084,您最近打车比较多,slot=乘客/司机;type=Utterance
E0048,网约车出行,has_entity,E1085,给您送了一张八折优惠券,slot=优惠/招募;type=Utterance
E0048,网约车出行,has_entity,E1086,现在跑车有新人奖励跑满十单奖三百,slot=优惠/招募;type=Utterance
E0048,网约车出行,has_entity,E1087,升级专车司机单价高不少,slot=优惠/招募;type=Utterance
E1088,首汽,indicates,E0048,网约车出行,weight=strong;type=Keyword
E1089,享道,indicates,E0048,网约车出行,weight=strong;type=Keyword
E1061,美团打车,indicates,E0048,网约车出行,weight=strong;type=Phrase
E1060,百度打车,indicates,E0048,网约车出行,weight=strong;type=Phrase
E1053,花小猪,indicates,E0048,网约车出行,weight=strong;type=Phrase
E0049,公安局,indicates,E0007,冒充公检法人员诈骗,weight=strong;type=Phrase
E0052,海关,indicates,E0007,冒充公检法人员诈骗,weight=strong;type=Phrase
E0096,点击链接申请,indicates,E0008,冒充银行诈骗,weight=strong;type=Phrase
E0106,经营异常,indicates,E0009,冒充工商诈骗,weight=strong;type=Phrase
E0107,被投诉,indicates,E0009,冒充工商诈骗,weight=strong;type=Phrase
E0109,缴纳罚款,indicates,E0009,冒充工商诈骗,weight=strong;type=Phrase
E0110,重新验证,indicates,E0009,冒充工商诈骗,weight=strong;type=Phrase
E0111,交保证金,indicates,E0009,冒充工商诈骗,weight=strong;type=Phrase
E0119,不实信息,indicates,E0010,冒充网信部门诈骗,weight=strong;type=Phrase
E0123,配合注销,indicates,E0010,冒充网信部门诈骗,weight=strong;type=Phrase
E0131,运营商,indicates,E0011,冒充通信诈骗,weight=strong;type=Phrase
E0141,配合调查,indicates,E0011,冒充通信诈骗,weight=strong;type=Phrase
E0150,注销,indicates,E0012,虚假征信诈骗,weight=strong;type=Phrase
E0154,征信,indicates,E0012,虚假征信诈骗,weight=strong;type=Phrase
E0169,充值,indicates,E0013,冒充ETC诈骗,weight=strong;type=Phrase
E0174,被拦截,indicates,E0013,冒充ETC诈骗,weight=strong;type=Phrase
E0178,被暂停使用,indicates,E0014,医保诈骗,weight=strong;type=Phrase
E0179,补贴未领,indicates,E0014,医保诈骗,weight=strong;type=Phrase
E0184,点击链接领取,indicates,E0014,医保诈骗,weight=strong;type=Phrase
E0185,提供账户信息,indicates,E0014,医保诈骗,weight=strong;type=Phrase
E0199,社保补贴,indicates,E0015,补贴诈骗,weight=strong;type=Phrase
E0204,点击链接,indicates,E0015,补贴诈骗,weight=strong;type=Phrase
E0205,提供银行卡,indicates,E0015,补贴诈骗,weight=strong;type=Phrase
E0264,小哥哥,indicates,E0018,色情诈骗,weight=strong;type=Phrase
E0269,小姐姐,indicates,E0018,色情诈骗,weight=strong;type=Phrase
E0271,兼职,indicates,E0018,色情诈骗,weight=strong;type=Phrase
E0282,姑,indicates,E0019,冒充亲友诈骗,weight=strong;type=Phrase
E0283,你侄子,indicates,E0019,冒充亲友诈骗,weight=strong;type=Phrase
E0286,住院了,indicates,E0019,冒充亲友诈骗,weight=strong;type=Phrase
E0318,学生,indicates,E0021,兼职刷单诈骗,weight=strong;type=Phrase
E0349,稳赚不赔,indicates,E0022,虚假投资理财诈骗,weight=strong;type=Phrase
E0360,缴纳解冻费,indicates,E0022,虚假投资理财诈骗,weight=strong;type=Phrase
E0360,缴纳解冻费,indicates,E0026,网络贷款诈骗,weight=strong;type=Phrase
E0387,支付手续费,indicates,E0023,中奖诈骗,weight=strong;type=Phrase
E0408,趁现在,indicates,E0024,网络赌博诈骗,weight=strong;type=Phrase
E0409,限时,indicates,E0024,网络赌博诈骗,weight=strong;type=Phrase
E0418,低价,indicates,E0025,游戏诈骗,weight=strong;type=Phrase
E0422,装备,indicates,E0025,游戏诈骗,weight=strong;type=Phrase
E0423,皮肤,indicates,E0025,游戏诈骗,weight=strong;type=Phrase
E0437,订单异常,indicates,E0025,游戏诈骗,weight=strong;type=Phrase
E0462,付激活费,indicates,E0026,网络贷款诈骗,weight=strong;type=Phrase
E0468,丢失,indicates,E0027,冒充网购客服诈骗,weight=strong;type=Phrase
E0504,被退回,indicates,E0028,快递诈骗,weight=strong;type=Phrase
E0505,系统升级,indicates,E0028,快递诈骗,weight=strong;type=Phrase
E0522,需要验证,indicates,E0029,微信诈骗,weight=strong;type=Phrase
E0534,延误,indicates,E0030,机票诈骗,weight=strong;type=Phrase
E0541,提供银行卡号,indicates,E0030,机票诈骗,weight=strong;type=Phrase
E0542,付手续费,indicates,E0030,机票诈骗,weight=strong;type=Phrase
E0554,燃气表,indicates,E0031,冒充燃气诈骗,weight=strong;type=Phrase
E0562,需要更换,indicates,E0031,冒充燃气诈骗,weight=strong;type=Phrase
E0578,窃电,indicates,E0032,冒充电力诈骗,weight=strong;type=Phrase
E0598,开房记录,indicates,E0033,黑客诈骗,weight=strong;type=Phrase
E0619,核查,indicates,E0034,网络诈骗,weight=strong;type=Phrase
